driverId,driverRef,number,code,forename,surname,dob,nationality,url,fullName
12,piquet_jr,,PIQ,Nelson,Piquet Jr.,1985-07-25,Brazilian,"http://en.wikipedia.org/wiki/Nelson_Piquet,_Jr.",Nelson Piquet Jr.
13,massa,19,MAS,Felipe,Massa,1981-04-25,Brazilian,http://en.wikipedia.org/wiki/Felipe_Massa,Felipe Massa
14,coulthard,,COU,David,Coulthard,1971-03-27,British,http://en.wikipedia.org/wiki/David_Coulthard,David Coulthard
18,button,22,BUT,Jenson,Button,1980-01-19,British,http://en.wikipedia.org/wiki/Jenson_Button,Jenson Button
38,doornbos,,DOO,Robert,Doornbos,1981-09-23,Dutch,http://en.wikipedia.org/wiki/Robert_Doornbos,Robert Doornbos
46,bruni,,,Gianmaria,Bruni,1981-05-30,Italian,http://en.wikipedia.org/wiki/Gianmaria_Bruni,Gianmaria Bruni
67,buemi,,BUE,Sébastien,Buemi,1988-10-31,Swiss,http://en.wikipedia.org/wiki/S%C3%A9bastien_Buemi,Sébastien Buemi
70,zanardi,,,Alessandro,Zanardi,1966-10-23,Italian,http://en.wikipedia.org/wiki/Alex_Zanardi,Alessandro Zanardi
93,schiattarella,,,Domenico,Schiattarella,1967-11-17,Italian,http://en.wikipedia.org/wiki/Domenico_Schiattarella,Domenico Schiattarella
107,ratzenberger,,,Roland,Ratzenberger,1960-07-04,Austrian,http://en.wikipedia.org/wiki/Roland_Ratzenberger,Roland Ratzenberger
148,foitek,,,Gregor,Foitek,1965-03-27,Swiss,http://en.wikipedia.org/wiki/Gregor_Foitek,Gregor Foitek
157,danner,,,Christian,Danner,1958-04-04,German,http://en.wikipedia.org/wiki/Christian_Danner,Christian Danner
161,weidler,,,Volker,Weidler,1962-03-18,German,http://en.wikipedia.org/wiki/Volker_Weidler,Volker Weidler
171,forini,,,Franco,Forini,1958-09-22,Swiss,http://en.wikipedia.org/wiki/Franco_Forini,Franco Forini
186,acheson,,,Kenny,Acheson,1957-11-27,British,http://en.wikipedia.org/wiki/Kenny_Acheson,Kenny Acheson
190,corrado_fabi,,,Corrado,Fabi,1961-04-12,Italian,http://en.wikipedia.org/wiki/Corrado_Fabi,Corrado Fabi
198,villeneuve_sr,,,Jacques,Villeneuve Sr.,1953-11-04,Canadian,http://en.wikipedia.org/wiki/Jacques_Villeneuve_(elder),Jacques Villeneuve Sr.
202,pironi,,,Didier,Pironi,1952-03-26,French,http://en.wikipedia.org/wiki/Didier_Pironi,Didier Pironi
203,gilles_villeneuve,,,Gilles,Villeneuve,1950-01-18,Canadian,http://en.wikipedia.org/wiki/Gilles_Villeneuve,Gilles Villeneuve
218,londono,,,Ricardo,Londoño,1949-08-08,Colombian,http://en.wikipedia.org/wiki/Ricardo_Londo%C3%B1o,Ricardo Londoño
221,depailler,,,Patrick,Depailler,1944-08-09,French,http://en.wikipedia.org/wiki/Patrick_Depailler,Patrick Depailler
225,kennedy,,,Dave,Kennedy,1953-01-15,Irish,http://en.wikipedia.org/wiki/David_Kennedy_(racing_driver),Dave Kennedy
232,merzario,,,Arturo,Merzario,1943-03-11,Italian,http://en.wikipedia.org/wiki/Arturo_Merzario,Arturo Merzario
233,stuck,,,Hans-Joachim,Stuck,1951-01-01,German,http://en.wikipedia.org/wiki/Hans_Joachim_Stuck,Hans-Joachim Stuck
257,hayje,,,Boy,Lunger,1949-05-03,Dutch,http://en.wikipedia.org/wiki/Boy_Hayje,Boy Lunger
261,dryver,,,Bernard,de Dryver,1952-09-19,Belgian,http://en.wikipedia.org/wiki/Bernard_de_Dryver,Bernard de Dryver
263,kozarowitzky,,,Mikko,Kozarowitzky,1948-05-17,Finnish,http://en.wikipedia.org/wiki/Mikko_Kozarowitzky,Mikko Kozarowitzky
265,edwards,,,Guy,Edwards,1942-12-30,British,http://en.wikipedia.org/wiki/Guy_Edwards,Guy Edwards
273,hoshino,,,Kazuyoshi,Hoshino,1947-07-01,Japanese,http://en.wikipedia.org/wiki/Kazuyoshi_Hoshino,Kazuyoshi Hoshino
275,lombardi,,,Lella,Lombardi,1941-03-26,Italian,http://en.wikipedia.org/wiki/Lella_Lombardi,Lella Lombardi
280,pescarolo,,,Henri,Pescarolo,1942-09-25,French,http://en.wikipedia.org/wiki/Henri_Pescarolo,Henri Pescarolo
282,magee,,,Damien,Magee,1945-11-17,British,http://en.wikipedia.org/wiki/Damien_Magee,Damien Magee
295,wunderink,,,Roelof,Wunderink,1948-12-12,Dutch,http://en.wikipedia.org/wiki/Roelof_Wunderink,Roelof Wunderink
299,fushida,,,Hiroshi,Fushida,1946-03-10,Japanese,http://en.wikipedia.org/wiki/Hiroshi_Fushida,Hiroshi Fushida
300,nicholson,,,John,Nicholson,1941-10-06,New Zealander,http://en.wikipedia.org/wiki/John_Nicholson_(racing_driver),John Nicholson
304,hulme,,,Denny,Hulme,1936-06-18,New Zealander,http://en.wikipedia.org/wiki/Denny_Hulme,Denny Hulme
317,wisell,,,Reine,Wisell,1941-09-30,Swedish,http://en.wikipedia.org/wiki/Reine_Wisell,Reine Wisell
320,gethin,,,Peter,Gethin,1940-02-21,British,http://en.wikipedia.org/wiki/Peter_Gethin,Peter Gethin
321,bell,,,Derek,Bell,1941-10-31,British,http://en.wikipedia.org/wiki/Derek_Bell_(auto_racer),Derek Bell
323,quester,,,Dieter,Quester,1939-05-30,Austrian,http://en.wikipedia.org/wiki/Dieter_Quester,Dieter Quester
327,cevert,,,François,Cevert,1944-02-25,French,http://en.wikipedia.org/wiki/Fran%C3%A7ois_Cevert,François Cevert
336,mcrae,,,Graham,McRae,1940-03-05,New Zealander,http://en.wikipedia.org/wiki/Graham_McRae,Graham McRae
340,love,,,John,Love,1924-12-07,Rhodesian,http://en.wikipedia.org/wiki/John_Love_(racing_driver),John Love
343,brack,,,Bill,Brack,1935-12-26,Canadian,http://en.wikipedia.org/wiki/Bill_Brack,Bill Brack
348,mazet,,,François,Mazet,1943-02-24,French,http://en.wikipedia.org/wiki/Fran%C3%A7ois_Mazet,François Mazet
350,elford,,,Vic,Elford,1935-06-10,British,http://en.wikipedia.org/wiki/Vic_Elford,Vic Elford
362,klerk,,,Peter,de Klerk,1935-03-16,South African,http://en.wikipedia.org/wiki/Peter_de_Klerk,Peter de Klerk
365,hahne,,,Hubert,Hahne,1935-03-28,German,http://en.wikipedia.org/wiki/Hubert_Hahne,Hubert Hahne
374,spence,,,Mike,Spence,1936-12-30,British,http://en.wikipedia.org/wiki/Mike_Spence,Mike Spence
395,williams,,,Jonathan,Williams,1942-10-26,British,http://en.wikipedia.org/wiki/Jonathan_Williams_(racing_driver),Jonathan Williams
403,phil_hill,,,Phil,Hill,1927-04-20,American,http://en.wikipedia.org/wiki/Phil_Hill,Phil Hill
406,hawkins,,,Paul,Hawkins,1937-10-12,Australian,http://en.wikipedia.org/wiki/Paul_Hawkins_(racing_driver),Paul Hawkins
408,maggs,,,Tony,Maggs,1937-02-09,South African,http://en.wikipedia.org/wiki/Tony_Maggs,Tony Maggs
412,niemann,,,Brausch,Niemann,1939-01-07,South African,http://en.wikipedia.org/wiki/Brausch_Niemann,Brausch Niemann
418,gregory,,,Masten,Gregory,1932-02-29,American,http://en.wikipedia.org/wiki/Masten_Gregory,Masten Gregory
431,barth,,,Edgar,Barth,1917-01-26,German,http://en.wikipedia.org/wiki/Edgar_Barth,Edgar Barth
434,sharp,,,Hap,Sharp,1928-01-01,American,http://en.wikipedia.org/wiki/Hap_Sharp,Hap Sharp
435,mairesse,,,Willy,Mairesse,1928-10-01,Belgian,http://en.wikipedia.org/wiki/Willy_Mairesse,Willy Mairesse
439,estefano,,,Nasif,Estéfano,1932-11-18,Argentine,http://en.wikipedia.org/wiki/Nasif_Est%C3%A9fano,Nasif Estéfano
440,hall,,,Jim,Hall,1935-07-23,American,http://en.wikipedia.org/wiki/Jim_Hall_(race_car_driver),Jim Hall
443,ernesto_brambilla,,,Ernesto,Brambilla,1934-01-31,Italian,http://en.wikipedia.org/wiki/Ernesto_Brambilla,Ernesto Brambilla
452,monarch,,,Thomas,Monarch,1945-09-03,American,http://en.wikipedia.org/wiki/Talk:1963_Mexican_Grand_Prix#Who_was_Thomas_Monarch.3F,Thomas Monarch
457,pon,,,Ben,Pon,1936-12-09,Dutch,http://en.wikipedia.org/wiki/Ben_Pon,Ben Pon
463,chamberlain,,,Jay,Chamberlain,1925-12-29,American,http://en.wikipedia.org/wiki/Jay_Chamberlain,Jay Chamberlain
471,johnstone,,,Bruce,Johnstone,1937-01-30,South African,http://en.wikipedia.org/wiki/Bruce_Johnstone_(racing_driver),Bruce Johnstone
473,hocking,,,Gary,Hocking,1937-09-30,Rhodesian,http://en.wikipedia.org/wiki/Gary_Hocking,Gary Hocking
475,moss,,,Stirling,Moss,1929-09-17,British,http://en.wikipedia.org/wiki/Stirling_Moss,Stirling Moss
496,menditeguy,,,Carlos,Menditeguy,1914-08-10,Argentine,http://en.wikipedia.org/wiki/Carlos_Menditeguy,Carlos Menditeguy
536,sutton,,,Len,Sutton,1925-08-09,American,http://en.wikipedia.org/wiki/Len_Sutton,Len Sutton
546,owen,,,Arthur,Owen,1915-03-23,British,http://en.wikipedia.org/wiki/Arthur_Owen,Arthur Owen
550,Changy,,,Alain,de Changy,1922-02-05,Belgian,http://en.wikipedia.org/wiki/Alain_de_Changy,Alain de Changy
555,paul_russo,,,Paul,Russo,1914-04-10,American,http://en.wikipedia.org/wiki/Paul_Russo,Paul Russo
563,weyant,,,Chuck,Weyant,1923-04-03,American,http://en.wikipedia.org/wiki/Chuck_Weyant,Chuck Weyant
564,larson,,,Jud,Larson,1923-01-21,American,http://en.wikipedia.org/wiki/Jud_Larson,Jud Larson
581,collins,,,Peter,Collins,1931-11-06,British,http://en.wikipedia.org/wiki/Peter_Collins_(racing_driver),Peter Collins
585,emery,,,Paul,Emery,1916-11-12,British,http://en.wikipedia.org/wiki/Paul_Emery,Paul Emery
600,goethals,,,Christian,Goethals,1928-08-04,Belgian,http://en.wikipedia.org/wiki/Christian_Goethals,Christian Goethals
603,guelfi,,,André,Guelfi,1919-05-06,French,http://en.wikipedia.org/wiki/Andr%C3%A9_Guelfi,André Guelfi
605,bridger,,,Tom,Bridger,1934-06-24,British,http://en.wikipedia.org/wiki/Tom_Bridger,Tom Bridger
611,hanks,,,Sam,Hanks,1914-07-13,American,http://en.wikipedia.org/wiki/Sam_Hanks,Sam Hanks
612,linden,,,Andy,Linden,1922-04-05,American,http://en.wikipedia.org/wiki/Andy_Linden_(racing_driver),Andy Linden
613,teague,,,Marshall,Teague,1921-02-22,American,http://en.wikipedia.org/wiki/Marshall_Teague_(racing_driver),Marshall Teague
615,agabashian,,,Fred,Agabashian,1913-08-21,American,http://en.wikipedia.org/wiki/Fred_Agabashian,Fred Agabashian
619,gerard,,,Bob,Gerard,1914-01-19,British,http://en.wikipedia.org/wiki/Bob_Gerard,Bob Gerard
633,villoresi,,,Luigi,Villoresi,1909-05-16,Italian,http://en.wikipedia.org/wiki/Luigi_Villoresi,Luigi Villoresi
638,volonterio,,,Ottorino,Volonterio,1917-12-07,Swiss,http://en.wikipedia.org/wiki/Ottorino_Volonterio,Ottorino Volonterio
640,graffenried,,,Toulo,de Graffenried,1914-05-18,Swiss,http://en.wikipedia.org/wiki/Toulo_de_Graffenried,Toulo de Graffenried
641,taruffi,,,Piero,Taruffi,1906-10-12,Italian,http://en.wikipedia.org/wiki/Piero_Taruffi,Piero Taruffi
644,mantovani,,,Sergio,Mantovani,1929-05-22,Italian,http://en.wikipedia.org/wiki/Sergio_Mantovani,Sergio Mantovani
660,claes,,,Johnny,Claes,1916-08-11,Belgian,http://en.wikipedia.org/wiki/Johnny_Claes,Johnny Claes
662,sparken,,,Mike,Sparken,1930-06-16,French,http://en.wikipedia.org/wiki/Mike_Sparken,Mike Sparken
668,lucas,,,Jean,Lucas,1917-04-25,French,http://en.wikipedia.org/wiki/Jean_Lucas,Jean Lucas
673,nazaruk,,,Mike,Nazaruk,1921-10-02,American,http://en.wikipedia.org/wiki/Mike_Nazaruk,Mike Nazaruk
677,webb,,,Travis,Webb,1910-10-08,American,http://en.wikipedia.org/wiki/Travis_Webb,Travis Webb
687,whitehead,,,Peter,Whitehead,1914-11-12,British,http://en.wikipedia.org/wiki/Peter_Whitehead_(racing_driver),Peter Whitehead
692,helfrich,,,Theo,Helfrich,1913-05-13,German,http://en.wikipedia.org/wiki/Theo_Helfrich,Theo Helfrich
732,mcdowell,,,Johnny,McDowell,1915-01-29,American,http://en.wikipedia.org/wiki/Johnny_McDowell,Johnny McDowell
734,ball,,,Bobby,Ball,1925-08-26,American,http://en.wikipedia.org/wiki/Bobby_Ball_(auto_racer),Bobby Ball
739,charrington,,,Robin,Montgomerie-Charrington,1915-06-23,British,http://en.wikipedia.org/wiki/Robin_Montgomerie-Charrington,Robin Montgomerie-Charrington
748,cantoni,,,Eitel,Cantoni,1906-10-04,Uruguayan,http://en.wikipedia.org/wiki/Eitel_Cantoni,Eitel Cantoni
758,lof,,,Dries,van der Lof,1919-08-23,Dutch,http://en.wikipedia.org/wiki/Dries_van_der_Lof,Dries van der Lof
773,levegh,,,Pierre,Levegh,1905-12-22,French,http://en.wikipedia.org/wiki/Pierre_Levegh,Pierre Levegh
774,chaboud,,,Eugène,Chaboud,1907-04-12,French,http://en.wikipedia.org/wiki/Eug%C3%A8ne_Chaboud,Eugène Chaboud
779,john_james,,,John,James,1914-05-10,British,http://en.wikipedia.org/wiki/John_James_(auto_racer),John James
782,jover,,,Juan,Jover,1903-11-23,Spanish,http://en.wikipedia.org/wiki/Juan_Jover,Juan Jover
783,grignard,,,Georges,Grignard,1905-07-25,French,http://en.wikipedia.org/wiki/Georges_Grignard,Georges Grignard
784,hampshire,,,David,Hampshire,1917-12-29,British,http://en.wikipedia.org/wiki/David_Hampshire,David Hampshire
787,harrison,,,Cuth,Harrison,1906-07-06,British,http://en.wikipedia.org/wiki/Cuth_Harrison,Cuth Harrison
802,serafini,,,Dorino,Serafini,1909-07-22,Italian,http://en.wikipedia.org/wiki/Dorino_Serafini,Dorino Serafini
805,kladis,,,Danny,Kladis,1917-02-10,American,http://en.wikipedia.org/wiki/Danny_Kladis,Danny Kladis
820,chilton,4,CHI,Max,Chilton,1991-04-21,British,http://en.wikipedia.org/wiki/Max_Chilton,Max Chilton
826,kvyat,26,KVY,Daniil,Kvyat,1994-04-26,Russian,http://en.wikipedia.org/wiki/Daniil_Kvyat,Daniil Kvyat
833,merhi,98,MER,Roberto,Merhi,1991-03-22,Spanish,http://en.wikipedia.org/wiki/Roberto_Merhi,Roberto Merhi
835,jolyon_palmer,30,PAL,Jolyon,Palmer,1991-01-20,British,http://en.wikipedia.org/wiki/Jolyon_Palmer,Jolyon Palmer
840,stroll,18,STR,Lance,Stroll,1998-10-29,Canadian,http://en.wikipedia.org/wiki/Lance_Stroll,Lance Stroll
842,gasly,10,GAS,Pierre,Gasly,1996-02-07,French,http://en.wikipedia.org/wiki/Pierre_Gasly,Pierre Gasly
849,latifi,6,LAT,Nicholas,Latifi,1995-06-29,Canadian,http://en.wikipedia.org/wiki/Nicholas_Latifi,Nicholas Latifi
857,piastri,81,PIA,Oscar,Piastri,2001-04-06,Australian,http://en.wikipedia.org/wiki/Oscar_Piastri,Oscar Piastri
6,nakajima,,NAK,Kazuki,Nakajima,1985-01-11,Japanese,http://en.wikipedia.org/wiki/Kazuki_Nakajima,Kazuki Nakajima
9,kubica,88,KUB,Robert,Kubica,1984-12-07,Polish,http://en.wikipedia.org/wiki/Robert_Kubica,Robert Kubica
16,sutil,99,SUT,Adrian,Sutil,1983-01-11,German,http://en.wikipedia.org/wiki/Adrian_Sutil,Adrian Sutil
17,webber,,WEB,Mark,Webber,1976-08-27,Australian,http://en.wikipedia.org/wiki/Mark_Webber_(racing_driver),Mark Webber
23,ralf_schumacher,,SCH,Ralf,Schumacher,1975-06-30,German,http://en.wikipedia.org/wiki/Ralf_Schumacher,Ralf Schumacher
39,karthikeyan,,KAR,Narain,Karthikeyan,1977-01-14,Indian,http://en.wikipedia.org/wiki/Narain_Karthikeyan,Narain Karthikeyan
48,gene,,,Marc,Gené,1974-03-29,Spanish,http://en.wikipedia.org/wiki/Marc_Gen%C3%A9,Marc Gené
51,wilson,,,Justin,Wilson,1978-07-31,British,http://en.wikipedia.org/wiki/Justin_Wilson_(racing_driver),Justin Wilson
62,yoong,,,Alex,Yoong,1976-07-20,Malaysian,http://en.wikipedia.org/wiki/Alex_Yoong,Alex Yoong
64,diniz,,,Pedro,Diniz,1970-05-22,Brazilian,http://en.wikipedia.org/wiki/Pedro_Diniz,Pedro Diniz
74,tuero,,,Esteban,Tuero,1978-04-22,Argentine,http://en.wikipedia.org/wiki/Esteban_Tuero,Esteban Tuero
82,fontana,,,Norberto,Fontana,1975-01-20,Argentine,http://en.wikipedia.org/wiki/Norberto_Fontana,Norberto Fontana
86,lavaggi,,,Giovanni,Lavaggi,1958-02-18,Italian,http://en.wikipedia.org/wiki/Giovanni_Lavaggi,Giovanni Lavaggi
94,martini,,,Pierluigi,Martini,1961-04-23,Italian,http://en.wikipedia.org/wiki/Pierluigi_Martini,Pierluigi Martini
105,alboreto,,,Michele,Alboreto,1956-12-23,Italian,http://en.wikipedia.org/wiki/Michele_Alboreto,Michele Alboreto
117,prost,,,Alain,Prost,1955-02-24,French,http://en.wikipedia.org/wiki/Alain_Prost,Alain Prost
121,andretti,,,Michael,Andretti,1962-10-05,American,http://en.wikipedia.org/wiki/Michael_Andretti,Michael Andretti
125,naspetti,,,Emanuele,Naspetti,1968-02-24,Italian,http://en.wikipedia.org/wiki/Emanuele_Naspetti,Emanuele Naspetti
138,satoru_nakajima,,,Satoru,Nakajima,1953-02-23,Japanese,http://en.wikipedia.org/wiki/Satoru_Nakajima,Satoru Nakajima
141,bailey,,,Julian,Bailey,1961-10-09,British,http://en.wikipedia.org/wiki/Julian_Bailey,Julian Bailey
146,schneider,,,Bernd,Schneider,1964-07-20,German,http://en.wikipedia.org/wiki/Bernd_Schneider_(racecar_driver),Bernd Schneider
151,donnelly,,,Martin,Donnelly,1964-03-26,British,http://en.wikipedia.org/wiki/Martin_Donnelly_(racing_driver),Martin Donnelly
165,larrauri,,,Oscar,Larrauri,1954-08-19,Argentine,http://en.wikipedia.org/wiki/Oscar_Larrauri,Oscar Larrauri
181,manfred_winkelhock,,,Manfred,Winkelhock,1951-10-06,German,http://en.wikipedia.org/wiki/Manfred_Winkelhock,Manfred Winkelhock
194,salazar,,,Eliseo,Salazar,1954-11-14,Chilean,http://en.wikipedia.org/wiki/Eliseo_Salazar,Eliseo Salazar
223,regazzoni,,,Clay,Regazzoni,1939-09-05,Swiss,http://en.wikipedia.org/wiki/Clay_Regazzoni,Clay Regazzoni
227,needell,,,Tiff,Needell,1951-10-29,British,http://en.wikipedia.org/wiki/Tiff_Needell,Tiff Needell
231,hunt,,,James,Hunt,1947-08-29,British,http://en.wikipedia.org/wiki/James_Hunt,James Hunt
243,stommelen,,,Rolf,Stommelen,1943-07-11,German,http://en.wikipedia.org/wiki/Rolf_Stommelen,Rolf Stommelen
246,binder,,,Hans,Binder,1948-06-12,Austrian,http://en.wikipedia.org/wiki/Hans_Binder,Hans Binder
249,rahal,,,Bobby,Rahal,1953-01-10,American,http://en.wikipedia.org/wiki/Bobby_Rahal,Bobby Rahal
250,pace,,,Carlos,Pace,1944-10-06,Brazilian,http://en.wikipedia.org/wiki/Carlos_Pace,Carlos Pace
266,mcguire,,,Brian,McGuire,1945-12-13,Australian,http://en.wikipedia.org/wiki/Brian_McGuire,Brian McGuire
277,leclere,,,Michel,Leclère,1946-03-18,French,http://en.wikipedia.org/wiki/Michel_Lecl%C3%A8re,Michel Leclère
294,brise,,,Tony,Brise,1952-03-28,British,http://en.wikipedia.org/wiki/Tony_Brise,Tony Brise
298,lennep,,,Gijs,van Lennep,1942-03-16,Dutch,http://en.wikipedia.org/wiki/Gijs_Van_Lennep,Gijs van Lennep
310,driver,,,Paddy,Driver,1934-05-13,South African,http://en.wikipedia.org/wiki/Paddy_Driver,Paddy Driver
311,belso,,,Tom,Belsø,1942-08-27,Danish,http://en.wikipedia.org/wiki/Tom_Bels%C3%B8,Tom Belsø
331,bueno,,,Luiz,Bueno,1937-01-16,Brazilian,http://en.wikipedia.org/wiki/Luiz_Bueno,Luiz Bueno
335,williamson,,,Roger,Williamson,1948-02-02,British,http://en.wikipedia.org/wiki/Roger_Williamson,Roger Williamson
338,walker,,,David,Walker,1941-06-10,Australian,http://en.wikipedia.org/wiki/David_Walker_(racing_driver),David Walker
341,surtees,,,John,Surtees,1934-02-11,British,http://en.wikipedia.org/wiki/John_Surtees,John Surtees
344,posey,,,Sam,Posey,1944-05-26,American,http://en.wikipedia.org/wiki/Sam_Posey,Sam Posey
346,siffert,,,Jo,Siffert,1936-07-07,Swiss,http://en.wikipedia.org/wiki/Jo_Siffert,Jo Siffert
349,jean,,,Max,Jean,1943-07-27,French,http://en.wikipedia.org/wiki/Max_Jean,Max Jean
352,eaton,,,George,Eaton,1945-11-12,Canadian,http://en.wikipedia.org/wiki/George_Eaton,George Eaton
357,miles,,,John,Miles,1943-06-14,British,http://en.wikipedia.org/wiki/John_Miles_(auto_racer),John Miles
360,mclaren,,,Bruce,McLaren,1937-08-30,New Zealander,http://en.wikipedia.org/wiki/Bruce_McLaren,Bruce McLaren
364,gurney,,,Dan,Gurney,1931-04-13,American,http://en.wikipedia.org/wiki/Dan_Gurney,Dan Gurney
367,westbury,,,Peter,Westbury,1938-05-26,British,http://en.wikipedia.org/wiki/Peter_Westbury,Peter Westbury
370,attwood,,,Richard,Attwood,1940-04-04,British,http://en.wikipedia.org/wiki/Richard_Attwood,Richard Attwood
375,scarfiotti,,,Ludovico,Scarfiotti,1933-10-18,Italian,http://en.wikipedia.org/wiki/Ludovico_Scarfiotti,Ludovico Scarfiotti
377,jo_schlesser,,,Jo,Schlesser,1928-05-18,French,http://en.wikipedia.org/wiki/Jo_Schlesser,Jo Schlesser
392,fisher,,,Mike,Fisher,1943-03-13,American,http://en.wikipedia.org/wiki/Mike_Fisher_(driver),Mike Fisher
396,bondurant,,,Bob,Bondurant,1933-04-27,American,http://en.wikipedia.org/wiki/Bob_Bondurant,Bob Bondurant
402,geki,,,Giacomo,Russo,1937-10-23,Italian,http://en.wikipedia.org/wiki/Geki_(driver),Giacomo Russo
414,puzey,,,Clive,Puzey,1941-07-11,Rhodesian,http://en.wikipedia.org/wiki/Clive_Puzey,Clive Puzey
424,bussinello,,,Roberto,Bussinello,1927-10-04,Italian,http://en.wikipedia.org/wiki/Roberto_Bussinello,Roberto Bussinello
428,collomb,,,Bernard,Collomb,1930-10-07,French,http://en.wikipedia.org/wiki/Bernard_Collomb,Bernard Collomb
432,cabral,,,Mário de Araújo,Cabral,1934-01-15,Portuguese,http://en.wikipedia.org/wiki/Mario_de_Araujo_Cabral,Mário de Araújo Cabral
433,hansgen,,,Walt,Hansgen,1919-10-28,American,http://en.wikipedia.org/wiki/Walt_Hansgen,Walt Hansgen
459,marsh,,,Tony,Marsh,1931-07-20,British,http://en.wikipedia.org/wiki/Tony_Marsh_(racing_driver),Tony Marsh
465,greene,,,Keith,Greene,1938-01-05,British,http://en.wikipedia.org/wiki/Keith_Greene,Keith Greene
474,vyver,,,Syd,van der Vyver,1920-06-01,South African,http://en.wikipedia.org/wiki/Syd_van_der_Vyver,Syd van der Vyver
476,trips,,,Wolfgang,von Trips,1928-05-04,German,http://en.wikipedia.org/wiki/Wolfgang_Graf_Berghe_von_Trips,Wolfgang von Trips
485,bordeu,,,Juan Manuel,Bordeu,1934-01-28,Argentine,http://en.wikipedia.org/wiki/Juan_Manuel_Bordeu,Juan Manuel Bordeu
492,boffa,,,Menato,Boffa,1930-01-04,Italian,http://en.wikipedia.org/wiki/Menato_Boffa,Menato Boffa
507,daigh,,,Chuck,Daigh,1923-11-29,American,http://en.wikipedia.org/wiki/Chuck_Daigh,Chuck Daigh
509,rathmann,,,Jim,Rathmann,1928-07-16,American,http://en.wikipedia.org/wiki/Jim_Rathmann,Jim Rathmann
510,goldsmith,,,Paul,Goldsmith,1925-10-02,American,http://en.wikipedia.org/wiki/Paul_Goldsmith,Paul Goldsmith
529,bettenhausen,,,Tony,Bettenhausen,1916-09-12,American,http://en.wikipedia.org/wiki/Tony_Bettenhausen,Tony Bettenhausen
535,mcwithey,,,Jim,McWithey,1927-07-04,American,http://en.wikipedia.org/wiki/Jim_McWithey,Jim McWithey
539,dempsey_wilson,,,Dempsey,Wilson,1927-03-11,American,http://en.wikipedia.org/wiki/Dempsey_Wilson,Dempsey Wilson
540,mike_taylor,,,Mike,Taylor,1934-04-24,British,http://en.wikipedia.org/wiki/Mike_Taylor_(driver),Mike Taylor
544,drogo,,,Piero,Drogo,1926-08-08,Italian,http://en.wikipedia.org/wiki/Piero_Drogo,Piero Drogo
552,lucienbonnet,,,Jean,Lucienbonnet,1923-01-07,French,http://en.wikipedia.org/wiki/Jean_Lucienbonnet,Jean Lucienbonnet
568,fontes,,,Azdrubal,Fontes,1922-12-26,Uruguayan,http://en.wikipedia.org/wiki/Azdrubal_Fontes,Azdrubal Fontes
579,fangio,,,Juan,Fangio,1911-06-24,Argentine,http://en.wikipedia.org/wiki/Juan_Manuel_Fangio,Juan Fangio
582,kavanagh,,,Ken,Kavanagh,1923-12-12,Australian,http://en.wikipedia.org/wiki/Ken_Kavanagh,Ken Kavanagh
587,ecclestone,,,Bernie,Ecclestone,1930-10-28,British,http://en.wikipedia.org/wiki/Bernie_Ecclestone,Bernie Ecclestone
593,parsons,,,Johnnie,Parsons,1918-07-04,American,http://en.wikipedia.org/wiki/Johnnie_Parsons,Johnnie Parsons
597,connor,,,Pat,O'Connor,1928-10-09,American,http://en.wikipedia.org/wiki/Pat_O%27Connor_(auto_racer),Pat O'Connor
599,bisch,,,Art,Bisch,1926-11-10,American,http://en.wikipedia.org/wiki/Art_Bisch,Art Bisch
608,castellotti,,,Eugenio,Castellotti,1930-10-10,Italian,http://en.wikipedia.org/wiki/Eugenio_Castellotti,Eugenio Castellotti
623,uria,,,Alberto,Uria,1924-07-11,Uruguayan,http://en.wikipedia.org/wiki/Alberto_Uria,Alberto Uria
636,titterington,,,Desmond,Titterington,1928-05-01,British,http://en.wikipedia.org/wiki/Desmond_Titterington,Desmond Titterington
650,pollet,,,Jacques,Pollet,1922-07-02,French,http://en.wikipedia.org/wiki/Jacques_Pollet,Jacques Pollet
657,vukovich,,,Bill,Vukovich,1918-12-13,American,http://en.wikipedia.org/wiki/Bill_Vukovich,Bill Vukovich
666,rolt,,,Tony,Rolt,1918-10-16,British,http://en.wikipedia.org/wiki/Tony_Rolt,Tony Rolt
679,mccoy,,,Ernie,McCoy,1921-02-19,American,http://en.wikipedia.org/wiki/Ernie_McCoy,Ernie McCoy
698,cruz,,,Adolfo,Cruz,1923-06-28,Argentine,http://en.wikipedia.org/wiki/Adolfo_Schewelm_Cruz,Adolfo Cruz
704,cabantous,,,Yves,Cabantous,1904-10-08,French,http://en.wikipedia.org/wiki/Yves_Giraud_Cabantous,Yves Cabantous
712,heeks,,,Willi,Heeks,1922-02-13,German,http://en.wikipedia.org/wiki/Willi_Heeks,Willi Heeks
719,scherrer,,,Albert,Scherrer,1908-02-28,Swiss,http://en.wikipedia.org/wiki/Albert_Scherrer,Albert Scherrer
724,ulmen,,,Toni,Ulmen,1906-01-25,German,http://en.wikipedia.org/wiki/Toni_Ulmen,Toni Ulmen
725,abecassis,,,George,Abecassis,1913-03-21,British,http://en.wikipedia.org/wiki/George_Abecassis,George Abecassis
730,fonder,,,George,Fonder,1917-06-22,American,http://en.wikipedia.org/wiki/George_Fonder,George Fonder
731,banks,,,Henry,Banks,1913-06-14,American,http://en.wikipedia.org/wiki/Henry_Banks,Henry Banks
737,obrien,,,Robert,O'Brien,1908-04-11,American,http://en.wikipedia.org/wiki/Robert_O%27Brien_(auto_racer),Robert O'Brien
738,gaze,,,Tony,Gaze,1920-02-03,Australian,http://en.wikipedia.org/wiki/Tony_Gaze,Tony Gaze
742,poore,,,Dennis,Poore,1916-08-19,British,http://en.wikipedia.org/wiki/Dennis_Poore,Dennis Poore
753,klenk,,,Hans,Klenk,1919-10-28,German,http://en.wikipedia.org/wiki/Hans_Klenk,Hans Klenk
755,schoeller,,,Rudolf,Schoeller,1902-04-27,Swiss,http://en.wikipedia.org/wiki/Rudolf_Schoeller,Rudolf Schoeller
760,dusio,,,Piero,Dusio,1899-10-13,Italian,http://en.wikipedia.org/wiki/Piero_Dusio,Piero Dusio
775,gordini,,,Aldo,Gordini,1921-05-20,French,http://en.wikipedia.org/wiki/Aldo_Gordini,Aldo Gordini
794,chitwood,,,Joie,Chitwood,1912-04-14,American,http://en.wikipedia.org/wiki/Joie_Chitwood,Joie Chitwood
798,levrett,,,Bayliss,Levrett,1914-02-14,American,http://en.wikipedia.org/wiki/Bayliss_Levrett,Bayliss Levrett
838,vandoorne,2,VAN,Stoffel,Vandoorne,1992-03-26,Belgian,http://en.wikipedia.org/wiki/Stoffel_Vandoorne,Stoffel Vandoorne
855,zhou,24,ZHO,Guanyu,Zhou,1999-05-30,Chinese,http://en.wikipedia.org/wiki/Zhou_Guanyu,Guanyu Zhou
858,sargeant,2,SAR,Logan,Sargeant,2000-12-31,American,http://en.wikipedia.org/wiki/Logan_Sargeant,Logan Sargeant
859,lawson,30,LAW,Liam,Lawson,2002-02-11,New Zealander,http://en.wikipedia.org/wiki/Liam_Lawson,Liam Lawson
860,bearman,38,BEA,Oliver,Bearman,2005-05-08,British,http://en.wikipedia.org/wiki/Oliver_Bearman,Oliver Bearman
861,colapinto,43,COL,Franco,Colapinto,2003-05-27,Argentinian ,http://en.wikipedia.org/wiki/Franco_Colapinto,Franco Colapinto
5,kovalainen,,KOV,Heikki,Kovalainen,1981-10-19,Finnish,http://en.wikipedia.org/wiki/Heikki_Kovalainen,Heikki Kovalainen
10,glock,,GLO,Timo,Glock,1982-03-18,German,http://en.wikipedia.org/wiki/Timo_Glock,Timo Glock
31,montoya,,MON,Juan,Pablo Montoya,1975-09-20,Colombian,http://en.wikipedia.org/wiki/Juan_Pablo_Montoya,Juan Pablo Montoya
49,frentzen,,,Heinz-Harald,Frentzen,1967-05-18,German,http://en.wikipedia.org/wiki/Heinz-Harald_Frentzen,Heinz-Harald Frentzen
57,hakkinen,,,Mika,Häkkinen,1968-09-28,Finnish,http://en.wikipedia.org/wiki/Mika_H%C3%A4kkinen,Mika Häkkinen
58,marques,,,Tarso,Marques,1976-01-19,Brazilian,http://en.wikipedia.org/wiki/Tarso_Marques,Tarso Marques
76,magnussen,,MAG,Jan,Magnussen,1973-07-04,Danish,http://en.wikipedia.org/wiki/Jan_Magnussen,Jan Magnussen
77,berger,,,Gerhard,Berger,1959-08-27,Austrian,http://en.wikipedia.org/wiki/Gerhard_Berger,Gerhard Berger
98,deletraz,,,Jean-Denis,Délétraz,1963-10-01,Swiss,http://en.wikipedia.org/wiki/Jean-Denis_Deletraz,Jean-Denis Délétraz
102,senna,,,Ayrton,Senna,1960-03-21,Brazilian,http://en.wikipedia.org/wiki/Ayrton_Senna,Ayrton Senna
104,fittipaldi,,,Christian,Fittipaldi,1971-01-18,Brazilian,http://en.wikipedia.org/wiki/Christian_Fittipaldi,Christian Fittipaldi
108,belmondo,,,Paul,Belmondo,1963-04-23,French,http://en.wikipedia.org/wiki/Paul_Belmondo,Paul Belmondo
111,gounon,,,Jean-Marc,Gounon,1963-01-01,French,http://en.wikipedia.org/wiki/Jean-Marc_Gounon,Jean-Marc Gounon
118,warwick,,,Derek,Warwick,1954-08-27,British,http://en.wikipedia.org/wiki/Derek_Warwick,Derek Warwick
123,boutsen,,,Thierry,Boutsen,1957-07-13,Belgian,http://en.wikipedia.org/wiki/Thierry_Boutsen,Thierry Boutsen
155,kobayashi,10,KOB,Kamui,Kobayashi,1986-09-13,Japanese,http://en.wikipedia.org/wiki/Kamui_Kobayashi,Kamui Kobayashi
156,palmer,,,Jonathan,Palmer,1956-11-07,British,http://en.wikipedia.org/wiki/Jonathan_Palmer,Jonathan Palmer
163,arnoux,,,René,Arnoux,1948-07-04,French,http://en.wikipedia.org/wiki/Ren%C3%A9_Arnoux,René Arnoux
167,campos,,,Adrián,Campos,1960-06-17,Spanish,http://en.wikipedia.org/wiki/Adri%C3%A1n_Campos,Adrián Campos
168,schlesser,,,Jean-Louis,Schlesser,1948-09-12,French,http://en.wikipedia.org/wiki/Jean-Louis_Schlesser,Jean-Louis Schlesser
176,surer,,,Marc,Surer,1951-09-18,Swiss,http://en.wikipedia.org/wiki/Marc_Surer,Marc Surer
180,berg,,,Allen,Berg,1961-08-01,Canadian,http://en.wikipedia.org/wiki/Allen_Berg,Allen Berg
188,cecotto,,,Johnny,Cecotto,1956-01-25,Venezuelan,http://en.wikipedia.org/wiki/Johnny_Cecotto,Johnny Cecotto
191,thackwell,,,Mike,Thackwell,1961-03-30,New Zealander,http://en.wikipedia.org/wiki/Mike_Thackwell,Mike Thackwell
195,guerrero,,,Roberto,Guerrero,1958-11-16,Colombian,http://en.wikipedia.org/wiki/Roberto_Guerrero,Roberto Guerrero
196,boesel,,,Raul,Boesel,1957-12-04,Brazilian,http://en.wikipedia.org/wiki/Raul_Boesel,Raul Boesel
205,henton,,,Brian,Henton,1946-09-19,British,http://en.wikipedia.org/wiki/Brian_Henton,Brian Henton
224,emerson_fittipaldi,,,Emerson,Fittipaldi,1946-12-12,Brazilian,http://en.wikipedia.org/wiki/Emerson_Fittipaldi,Emerson Fittipaldi
256,perkins,,,Larry,Perkins,1950-03-18,Australian,http://en.wikipedia.org/wiki/Larry_Perkins,Larry Perkins
259,purley,,,David,Purley,1945-01-26,British,http://en.wikipedia.org/wiki/David_Purley,David Purley
268,heyer,,,Hans,Heyer,1943-03-16,German,http://en.wikipedia.org/wiki/Hans_Heyer,Hans Heyer
288,donohue,,,Mark,Donohue,1937-03-18,American,http://en.wikipedia.org/wiki/Mark_Donohue,Mark Donohue
324,koinigg,,,Helmuth,Koinigg,1948-11-03,Austrian,http://en.wikipedia.org/wiki/Helmuth_Koinigg,Helmuth Koinigg
334,pretorius,,,Jackie,Pretorius,1934-11-22,South African,http://en.wikipedia.org/wiki/Jackie_Pretorius,Jackie Pretorius
342,barber,,,Skip,Barber,1936-11-16,American,http://en.wikipedia.org/wiki/Skip_Barber,Skip Barber
351,moser,,,Silvio,Moser,1941-04-24,Swiss,http://en.wikipedia.org/wiki/Silvio_Moser,Silvio Moser
358,rindt,,,Jochen,Rindt,1942-04-18,Austrian,http://en.wikipedia.org/wiki/Jochen_Rindt,Jochen Rindt
361,courage,,,Piers,Courage,1942-05-27,British,http://en.wikipedia.org/wiki/Piers_Courage,Piers Courage
366,hutchison,,,Gus,Hutchison,1937-04-26,American,http://en.wikipedia.org/wiki/Gus_Hutchison,Gus Hutchison
373,clark,,,Jim,Clark,1936-03-04,British,http://en.wikipedia.org/wiki/Jim_Clark,Jim Clark
379,ahrens,,,Kurt,Ahrens,1940-04-19,German,"http://en.wikipedia.org/wiki/Kurt_Ahrens,_Jr.",Kurt Ahrens
380,gardner,,,Frank,Gardner,1930-10-01,Australian,http://en.wikipedia.org/wiki/Frank_Gardner_(driver),Frank Gardner
388,irwin,,,Chris,Irwin,1942-06-27,British,http://en.wikipedia.org/wiki/Chris_Irwin,Chris Irwin
391,hart,,,Brian,Hart,1936-09-07,British,http://en.wikipedia.org/wiki/Brian_Hart,Brian Hart
394,baghetti,,,Giancarlo,Baghetti,1934-12-25,Italian,http://en.wikipedia.org/wiki/Giancarlo_Baghetti,Giancarlo Baghetti
417,blignaut,,,Alex,Blignaut,1932-11-30,South African,http://en.wikipedia.org/wiki/Alex_Blignaut,Alex Blignaut
437,burgess,,,Ian,Burgess,1930-07-06,British,http://en.wikipedia.org/wiki/Ian_Burgess,Ian Burgess
438,settember,,,Tony,Settember,1926-07-10,American,http://en.wikipedia.org/wiki/Tony_Settember,Tony Settember
454,ricardo_rodriguez,,,Ricardo,Rodríguez,1942-02-14,Mexican,http://en.wikipedia.org/wiki/Ricardo_Rodr%C3%ADguez_(Formula_One),Ricardo Rodríguez
456,salvadori,,,Roy,Salvadori,1922-05-12,British,http://en.wikipedia.org/wiki/Roy_Salvadori,Roy Salvadori
468,penske,,,Roger,Penske,1937-02-20,American,http://en.wikipedia.org/wiki/Roger_Penske,Roger Penske
480,may,,,Michael,May,1934-08-18,Swiss,http://en.wikipedia.org/wiki/Michael_May_(racing_driver),Michael May
483,scarlatti,,,Giorgio,Scarlatti,1921-10-02,Italian,http://en.wikipedia.org/wiki/Giorgio_Scarlatti,Giorgio Scarlatti
504,creus,,,Antonio,Creus,1924-10-28,Spanish,http://en.wikipedia.org/wiki/Antonio_Creus,Antonio Creus
512,thomson,,,Johnny,Thomson,1922-04-09,American,http://en.wikipedia.org/wiki/Johnny_Thomson,Johnny Thomson
516,christie,,,Bob,Christie,1924-04-04,American,http://en.wikipedia.org/wiki/Bob_Christie_(racing_driver),Bob Christie
519,homeier,,,Bill,Homeier,1918-08-31,American,http://en.wikipedia.org/wiki/Bill_Homeier,Bill Homeier
520,hartley,,,Gene,Hartley,1926-01-28,American,http://en.wikipedia.org/wiki/Gene_Hartley,Gene Hartley
532,russo,,,Eddie,Russo,1925-11-19,American,http://en.wikipedia.org/wiki/Eddie_Russo,Eddie Russo
548,drake,,,Bob,Drake,1919-12-14,American,http://en.wikipedia.org/wiki/Bob_Drake_(Formula_One),Bob Drake
554,behra,,,Jean,Behra,1921-02-16,French,http://en.wikipedia.org/wiki/Jean_Behra,Jean Behra
570,bill_moss,,,Bill,Moss,1933-09-04,British,http://en.wikipedia.org/wiki/Bill_Moss_(racing_driver),Bill Moss
572,blanchard,,,Harry,Blanchard,1929-06-13,American,http://en.wikipedia.org/wiki/Harry_Blanchard,Harry Blanchard
573,tomaso,,,Alessandro,de Tomaso,1928-07-10,Argentine-Italian,http://en.wikipedia.org/wiki/Alessandro_de_Tomaso,Alessandro de Tomaso
576,cade,,,Phil,Cade,1916-06-12,American,http://en.wikipedia.org/wiki/Phil_Cade,Phil Cade
586,piotti,,,Luigi,Piotti,1913-10-27,Italian,http://en.wikipedia.org/wiki/Luigi_Piotti,Luigi Piotti
589,chiron,,,Louis,Chiron,1899-08-03,Monegasque,http://en.wikipedia.org/wiki/Louis_Chiron,Louis Chiron
592,reece,,,Jimmy,Reece,1929-11-17,American,http://en.wikipedia.org/wiki/Jimmy_Reece,Jimmy Reece
598,jerry_unser,,,Jerry,Unser,1932-11-15,American,http://en.wikipedia.org/wiki/Jerry_Unser,Jerry Unser
602,la_caze,,,Robert,La Caze,1917-02-26,French,http://en.wikipedia.org/wiki/Robert_La_Caze,Robert La Caze
609,simon,,,André,Simon,1920-01-05,French,http://en.wikipedia.org/wiki/Andr%C3%A9_Simon_(racing_driver),André Simon
616,george,,,Elmer,George,1928-07-15,American,http://en.wikipedia.org/wiki/Elmer_George,Elmer George
628,sweikert,,,Bob,Sweikert,1926-05-20,American,http://en.wikipedia.org/wiki/Bob_Sweikert,Bob Sweikert
629,griffith,,,Cliff,Griffith,1916-02-06,American,http://en.wikipedia.org/wiki/Cliff_Griffith,Cliff Griffith
632,frere,,,Paul,Frère,1917-01-30,Belgian,http://en.wikipedia.org/wiki/Paul_Fr%C3%A8re,Paul Frère
643,mieres,,,Roberto,Mieres,1924-12-03,Argentine,http://en.wikipedia.org/wiki/Roberto_Mieres,Roberto Mieres
654,faulkner,,,Walt,Faulkner,1920-02-16,American,http://en.wikipedia.org/wiki/Walt_Faulkner,Walt Faulkner
656,cross,,,Art,Cross,1918-01-24,American,http://en.wikipedia.org/wiki/Art_Cross,Art Cross
667,fitch,,,John,Fitch,1917-08-04,American,http://en.wikipedia.org/wiki/John_Fitch_(driver),John Fitch
672,daponte,,,Jorge,Daponte,1923-06-05,Argentine,http://en.wikipedia.org/wiki/Jorge_Daponte,Jorge Daponte
678,duncan,,,Len,Duncan,1911-07-25,American,http://en.wikipedia.org/wiki/Len_Duncan,Len Duncan
681,georges_berger,,,Georges,Berger,1918-09-14,Belgian,http://en.wikipedia.org/wiki/Georges_Berger,Georges Berger
683,thorne,,,Leslie,Thorne,1916-06-23,British,http://en.wikipedia.org/wiki/Leslie_Thorne,Leslie Thorne
688,brandon,,,Eric,Brandon,1920-07-18,British,http://en.wikipedia.org/wiki/Eric_Brandon,Eric Brandon
703,legat,,,Arthur,Legat,1898-11-01,Belgian,http://en.wikipedia.org/wiki/Arthur_Legat,Arthur Legat
706,jimmy_stewart,,,Jimmy,Stewart,1931-03-06,British,http://en.wikipedia.org/wiki/Jimmy_Stewart_(racing_driver),Jimmy Stewart
714,adolff,,,Kurt,Adolff,1921-11-05,German,http://en.wikipedia.org/wiki/Kurt_Adolff,Kurt Adolff
722,carini,,,Piero,Carini,1921-03-06,Italian,http://en.wikipedia.org/wiki/Piero_Carini,Piero Carini
723,fischer,,,Rudi,Fischer,1912-04-19,Swiss,http://en.wikipedia.org/wiki/Rudi_Fischer,Rudi Fischer
726,george_connor,,,George,Connor,1906-08-16,American,http://en.wikipedia.org/wiki/George_Connor_(driver),George Connor
736,laurent,,,Roger,Laurent,1913-02-21,Belgian,http://en.wikipedia.org/wiki/Roger_Laurent,Roger Laurent
744,downing,,,Ken,Downing,1917-12-05,British,http://en.wikipedia.org/wiki/Ken_Downing,Ken Downing
751,riess,,,Fritz,Riess,1922-07-11,German,http://en.wikipedia.org/wiki/Fritz_Riess,Fritz Riess
764,guy_mairesse,,,Guy,Mairesse,1910-08-10,French,http://en.wikipedia.org/wiki/Guy_Mairesse,Guy Mairesse
791,biondetti,,,Clemente,Biondetti,1898-08-18,Italian,http://en.wikipedia.org/wiki/Clemente_Biondetti,Clemente Biondetti
797,holmes,,,Jackie,Holmes,1920-09-04,American,http://en.wikipedia.org/wiki/Jackie_Holmes,Jackie Holmes
801,pozzi,,,Charles,Pozzi,1909-08-27,French,http://en.wikipedia.org/wiki/Charles_Pozzi,Charles Pozzi
814,resta,40,DIR,Paul,di Resta,1986-04-16,British,http://en.wikipedia.org/wiki/Paul_di_Resta,Paul di Resta
821,gutierrez,21,GUT,Esteban,Gutiérrez,1991-08-05,Mexican,http://en.wikipedia.org/wiki/Esteban_Guti%C3%A9rrez,Esteban Gutiérrez
829,stevens,28,STE,Will,Stevens,1991-06-28,British,http://en.wikipedia.org/wiki/Will_Stevens,Will Stevens
832,sainz,55,SAI,Carlos,Sainz,1994-09-01,Spanish,http://en.wikipedia.org/wiki/Carlos_Sainz_Jr.,Carlos Sainz
834,rossi,53,RSS,Alexander,Rossi,1991-09-25,American,http://en.wikipedia.org/wiki/Alexander_Rossi_%28racing_driver%29,Alexander Rossi
837,haryanto,88,HAR,Rio,Haryanto,1993-01-22,Indonesian,http://en.wikipedia.org/wiki/Rio_Haryanto,Rio Haryanto
843,brendon_hartley,28,HAR,Brendon,Hartley,1989-11-10,New Zealander,http://en.wikipedia.org/wiki/Brendon_Hartley,Brendon Hartley
848,albon,23,ALB,Alexander,Albon,1996-03-23,Thai,http://en.wikipedia.org/wiki/Alexander_Albon,Alexander Albon
852,tsunoda,22,TSU,Yuki,Tsunoda,2000-05-11,Japanese,http://en.wikipedia.org/wiki/Yuki_Tsunoda,Yuki Tsunoda
854,mick_schumacher,47,MSC,Mick,Schumacher,1999-03-22,German,http://en.wikipedia.org/wiki/Mick_Schumacher,Mick Schumacher
1,hamilton,44,HAM,Lewis,Hamilton,1985-01-07,British,http://en.wikipedia.org/wiki/Lewis_Hamilton,Lewis Hamilton
3,rosberg,6,ROS,Nico,Rosberg,1985-06-27,German,http://en.wikipedia.org/wiki/Nico_Rosberg,Nico Rosberg
7,bourdais,,BOU,Sébastien,Bourdais,1979-02-28,French,http://en.wikipedia.org/wiki/S%C3%A9bastien_Bourdais,Sébastien Bourdais
11,sato,,SAT,Takuma,Sato,1977-01-28,Japanese,http://en.wikipedia.org/wiki/Takuma_Sato,Takuma Sato
26,speed,,SPE,Scott,Speed,1983-01-24,American,http://en.wikipedia.org/wiki/Scott_Speed,Scott Speed
27,albers,,ALB,Christijan,Albers,1979-04-16,Dutch,http://en.wikipedia.org/wiki/Christijan_Albers,Christijan Albers
33,monteiro,,TMO,Tiago,Monteiro,1976-07-24,Portuguese,http://en.wikipedia.org/wiki/Tiago_Monteiro,Tiago Monteiro
34,ide,,IDE,Yuji,Ide,1975-01-21,Japanese,http://en.wikipedia.org/wiki/Yuji_Ide,Yuji Ide
41,zonta,,ZON,Ricardo,Zonta,1976-03-23,Brazilian,http://en.wikipedia.org/wiki/Ricardo_Zonta,Ricardo Zonta
47,baumgartner,,,Zsolt,Baumgartner,1981-01-01,Hungarian,http://en.wikipedia.org/wiki/Zsolt_Baumgartner,Zsolt Baumgartner
69,badoer,,BAD,Luca,Badoer,1971-01-25,Italian,http://en.wikipedia.org/wiki/Luca_Badoer,Luca Badoer
72,sarrazin,,,Stéphane,Sarrazin,1975-11-02,French,http://en.wikipedia.org/wiki/St%C3%A9phane_Sarrazin,Stéphane Sarrazin
80,sospiri,,,Vincenzo,Sospiri,1966-10-07,Italian,http://en.wikipedia.org/wiki/Vincenzo_Sospiri,Vincenzo Sospiri
85,montermini,,,Andrea,Montermini,1964-05-30,Italian,http://en.wikipedia.org/wiki/Andrea_Montermini,Andrea Montermini
91,wendlinger,,,Karl,Wendlinger,1968-12-20,Austrian,http://en.wikipedia.org/wiki/Karl_Wendlinger,Karl Wendlinger
124,apicella,,,Marco,Apicella,1965-10-07,Italian,http://en.wikipedia.org/wiki/Marco_Apicella,Marco Apicella
129,grouillard,,,Olivier,Grouillard,1958-09-02,French,http://en.wikipedia.org/wiki/Olivier_Grouillard,Olivier Grouillard
134,bertaggia,,,Enrico,Bertaggia,1964-09-19,Italian,http://en.wikipedia.org/wiki/Enrico_Bertaggia,Enrico Bertaggia
137,piquet,,,Nelson,Piquet,1952-08-17,Brazilian,http://en.wikipedia.org/wiki/Nelson_Piquet,Nelson Piquet
142,chaves,,,Pedro,Chaves,1965-02-27,Portuguese,http://en.wikipedia.org/wiki/Pedro_Chaves,Pedro Chaves
143,bartels,,,Michael,Bartels,1968-03-08,German,http://en.wikipedia.org/wiki/Michael_Bartels,Michael Bartels
145,nannini,,,Alessandro,Nannini,1959-07-07,Italian,http://en.wikipedia.org/wiki/Alessandro_Nannini,Alessandro Nannini
154,grosjean,8,GRO,Romain,Grosjean,1986-04-17,French,http://en.wikipedia.org/wiki/Romain_Grosjean,Romain Grosjean
158,cheever,,,Eddie,Cheever,1958-01-10,American,http://en.wikipedia.org/wiki/Eddie_Cheever,Eddie Cheever
162,raphanel,,,Pierre-Henri,Raphanel,1961-05-27,French,http://en.wikipedia.org/wiki/Pierre-Henri_Raphanel,Pierre-Henri Raphanel
166,streiff,,,Philippe,Streiff,1955-06-26,French,http://en.wikipedia.org/wiki/Philippe_Streiff,Philippe Streiff
174,dumfries,,,Johnny,Dumfries,1958-04-26,British,http://en.wikipedia.org/wiki/Johnny_Dumfries,Johnny Dumfries
178,jones,,,Alan,Jones,1946-11-02,Australian,http://en.wikipedia.org/wiki/Alan_Jones_(Formula_1),Alan Jones
179,rothengatter,,,Huub,Rothengatter,1954-10-08,Dutch,http://en.wikipedia.org/wiki/Huub_Rothengatter,Huub Rothengatter
189,gartner,,,Jo,Gartner,1954-01-24,Austrian,http://en.wikipedia.org/wiki/Jo_Gartner,Jo Gartner
193,sullivan,,,Danny,Sullivan,1950-03-09,American,http://en.wikipedia.org/wiki/Danny_Sullivan,Danny Sullivan
199,reutemann,,,Carlos,Reutemann,1942-04-12,Argentine,http://en.wikipedia.org/wiki/Carlos_Reutemann,Carlos Reutemann
200,mass,,,Jochen,Mass,1946-09-30,German,http://en.wikipedia.org/wiki/Jochen_Mass,Jochen Mass
204,paletti,,,Riccardo,Paletti,1958-06-15,Italian,http://en.wikipedia.org/wiki/Riccardo_Paletti,Riccardo Paletti
206,daly,,,Derek,Daly,1953-03-11,Irish,http://en.wikipedia.org/wiki/Derek_Daly,Derek Daly
207,mario_andretti,,,Mario,Andretti,1940-02-28,American,http://en.wikipedia.org/wiki/Mario_Andretti,Mario Andretti
211,keegan,,,Rupert,Keegan,1955-02-26,British,http://en.wikipedia.org/wiki/Rupert_Keegan,Rupert Keegan
215,guerra,,,Miguel Ángel,Guerra,1953-08-31,Argentine,http://en.wikipedia.org/wiki/Miguel_Angel_Guerra,Miguel Ángel Guerra
217,zunino,,,Ricardo,Zunino,1949-04-13,Argentine,http://en.wikipedia.org/wiki/Ricardo_Zunino,Ricardo Zunino
219,jabouille,,,Jean-Pierre,Jabouille,1942-10-01,French,http://en.wikipedia.org/wiki/Jean-Pierre_Jabouille,Jean-Pierre Jabouille
240,ongais,,,Danny,Ongais,1942-05-21,American,http://en.wikipedia.org/wiki/Danny_Ongais,Danny Ongais
242,galica,,,Divina,Galica,1944-08-13,British,http://en.wikipedia.org/wiki/Divina_Galica,Divina Galica
251,ian_scheckter,,,Ian,Scheckter,1947-08-22,South African,http://en.wikipedia.org/wiki/Ian_Scheckter,Ian Scheckter
258,neve,,,Patrick,Nève,1949-10-13,Belgian,http://en.wikipedia.org/wiki/Patrick_Neve,Patrick Nève
270,ashley,,,Ian,Ashley,1947-10-26,British,http://en.wikipedia.org/wiki/Ian_Ashley,Ian Ashley
272,takahashi,,,Kunimitsu,Takahashi,1940-01-29,Japanese,http://en.wikipedia.org/wiki/Kunimitsu_Takahashi,Kunimitsu Takahashi
279,zapico,,,Emilio,Zapico,1944-05-27,Spanish,http://en.wikipedia.org/wiki/Emilio_Zapico,Emilio Zapico
281,nelleman,,,Jac,Nelleman,1944-04-19,Danish,http://en.wikipedia.org/wiki/Jac_Nelleman,Jac Nelleman
284,pesenti_rossi,,,Alessandro,Pesenti-Rossi,1942-08-31,Italian,http://en.wikipedia.org/wiki/Alessandro_Pesenti-Rossi,Alessandro Pesenti-Rossi
286,brown,,,Warwick,Brown,1949-12-24,Australian,http://en.wikipedia.org/wiki/Warwick_Brown,Warwick Brown
287,hasemi,,,Masahiro,Hasemi,1945-11-13,Japanese,http://en.wikipedia.org/wiki/Masahiro_Hasemi,Masahiro Hasemi
289,hill,,,Graham,Hill,1929-02-15,British,http://en.wikipedia.org/wiki/Graham_Hill,Graham Hill
290,wilson_fittipaldi,,,Wilson,Fittipaldi,1943-12-25,Brazilian,http://en.wikipedia.org/wiki/Wilson_Fittipaldi,Wilson Fittipaldi
309,revson,,,Peter,Revson,1939-02-27,American,http://en.wikipedia.org/wiki/Peter_Revson,Peter Revson
332,follmer,,,George,Follmer,1934-01-27,American,http://en.wikipedia.org/wiki/George_Follmer,George Follmer
345,rodriguez,,,Pedro,Rodríguez,1940-01-18,Mexican,http://en.wikipedia.org/wiki/Pedro_Rodr%C3%ADguez_(racing_driver),Pedro Rodríguez
356,jack_brabham,,,Jack,Brabham,1926-04-02,Australian,http://en.wikipedia.org/wiki/Jack_Brabham,Jack Brabham
368,tingle,,,Sam,Tingle,1921-08-24,Rhodesian,http://en.wikipedia.org/wiki/Sam_Tingle,Sam Tingle
376,bianchi,,BIA,Lucien,Bianchi,1934-11-10,Belgian,http://en.wikipedia.org/wiki/Lucien_Bianchi,Lucien Bianchi
398,vic_wilson,,,Vic,Wilson,1931-04-14,British,http://en.wikipedia.org/wiki/Vic_Wilson_(motor_racing_driver),Vic Wilson
409,blokdyk,,,Trevor,Blokdyk,1935-11-30,South African,http://en.wikipedia.org/wiki/Trevor_Blokdyk,Trevor Blokdyk
410,lederle,,,Neville,Lederle,1938-09-25,South African,http://en.wikipedia.org/wiki/Neville_Lederle,Neville Lederle
421,rollinson,,,Alan,Rollinson,1943-05-15,British,http://en.wikipedia.org/wiki/Alan_Rollinson,Alan Rollinson
425,vaccarella,,,Nino,Vaccarella,1933-03-04,Italian,http://en.wikipedia.org/wiki/Nino_Vaccarella,Nino Vaccarella
441,parnell,,,Tim,Parnell,1932-06-25,British,http://en.wikipedia.org/wiki/Tim_Parnell,Tim Parnell
448,broeker,,,Peter,Broeker,1926-05-15,Canadian,http://en.wikipedia.org/wiki/Peter_Broeker,Peter Broeker
451,dochnal,,,Frank,Dochnal,1920-10-08,American,http://en.wikipedia.org/wiki/Frank_Dochnal,Frank Dochnal
467,prinoth,,,Ernesto,Prinoth,1923-04-15,Italian,http://en.wikipedia.org/wiki/Ernesto_Prinoth,Ernesto Prinoth
488,monteverdi,,,Peter,Monteverdi,1934-06-07,Swiss,http://en.wikipedia.org/wiki/Peter_Monteverdi,Peter Monteverdi
489,pirocchi,,,Renato,Pirocchi,1933-03-26,Italian,http://en.wikipedia.org/wiki/Renato_Pirocchi,Renato Pirocchi
490,duke,,,Geoff,Duke,1923-03-29,British,http://en.wikipedia.org/wiki/Geoff_Duke,Geoff Duke
501,schell,,,Harry,Schell,1921-06-29,American,http://en.wikipedia.org/wiki/Harry_Schell,Harry Schell
505,bristow,,,Chris,Bristow,1937-12-02,British,http://en.wikipedia.org/wiki/Chris_Bristow,Chris Bristow
514,veith,,,Bob,Veith,1926-11-01,American,http://en.wikipedia.org/wiki/Bob_Veith,Bob Veith
515,tingelstad,,,Bud,Tingelstad,1928-04-04,American,http://en.wikipedia.org/wiki/Bud_Tingelstad,Bud Tingelstad
530,weiler,,,Wayne,Weiler,1934-12-09,American,http://en.wikipedia.org/wiki/Wayne_Weiler,Wayne Weiler
538,herman,,,Al,Herman,1927-03-15,American,http://en.wikipedia.org/wiki/Al_Herman,Al Herman
549,bueb,,,Ivor,Bueb,1923-06-06,British,http://en.wikipedia.org/wiki/Ivor_Bueb,Ivor Bueb
571,dennis_taylor,,,Dennis,Taylor,1921-06-12,British,http://en.wikipedia.org/wiki/Dennis_Taylor_(racing_driver),Dennis Taylor
575,said,,,Bob,Said,1932-05-05,American,http://en.wikipedia.org/wiki/Bob_Said,Bob Said
577,musso,,,Luigi,Musso,1924-07-28,Italian,http://en.wikipedia.org/wiki/Luigi_Musso,Luigi Musso
578,hawthorn,,,Mike,Hawthorn,1929-04-10,British,http://en.wikipedia.org/wiki/Mike_Hawthorn,Mike Hawthorn
580,godia,,,Paco,Godia,1921-03-21,Spanish,http://en.wikipedia.org/wiki/Paco_Godia,Paco Godia
584,kessler,,,Bruce,Kessler,1936-03-23,American,http://en.wikipedia.org/wiki/Bruce_Kessler,Bruce Kessler
590,lewis-evans,,,Stuart,Lewis-Evans,1930-04-20,British,http://en.wikipedia.org/wiki/Stuart_Lewis-Evans,Stuart Lewis-Evans
595,garrett,,,Billy,Garrett,1933-04-24,American,http://en.wikipedia.org/wiki/Billy_Garrett,Billy Garrett
626,manzon,,,Robert,Manzon,1917-04-12,French,http://en.wikipedia.org/wiki/Robert_Manzon,Robert Manzon
637,scott_Brown,,,Archie,Scott Brown,1927-05-13,British,http://en.wikipedia.org/wiki/Archie_Scott_Brown,Archie Scott Brown
642,farina,,,Nino,Farina,1906-10-30,Italian,http://en.wikipedia.org/wiki/Nino_Farina,Nino Farina
647,ascari,,,Alberto,Ascari,1918-07-13,Italian,http://en.wikipedia.org/wiki/Alberto_Ascari,Alberto Ascari
658,mcgrath,,,Jack,McGrath,1919-10-08,American,http://en.wikipedia.org/wiki/Jack_McGrath_(racing_driver),Jack McGrath
663,wharton,,,Ken,Wharton,1916-03-21,British,http://en.wikipedia.org/wiki/Ken_Wharton,Ken Wharton
675,ayulo,,,Manny,Ayulo,1921-10-20,American,http://en.wikipedia.org/wiki/Manny_Ayulo,Manny Ayulo
680,swaters,,,Jacques,Swaters,1926-10-30,American,http://en.wikipedia.org/wiki/Jacques_Swaters,Jacques Swaters
690,nuckey,,,Rodney,Nuckey,1929-06-26,British,http://en.wikipedia.org/wiki/Rodney_Nuckey,Rodney Nuckey
697,bonetto,,,Felice,Bonetto,1903-06-09,Italian,http://en.wikipedia.org/wiki/Felice_Bonetto,Felice Bonetto
709,klodwig,,,Ernst,Klodwig,1903-05-23,East German,http://en.wikipedia.org/wiki/Ernst_Klodwig,Ernst Klodwig
733,miller,,,Chet,Miller,1902-07-19,American,http://en.wikipedia.org/wiki/Chet_Miller,Chet Miller
735,tornaco,,,Charles,de Tornaco,1927-06-07,Belgian,http://en.wikipedia.org/wiki/Charles_de_Tornaco,Charles de Tornaco
781,richardson,,,Ken,Richardson,1911-08-21,British,http://en.wikipedia.org/wiki/Ken_Richardson_(race_car_driver),Ken Richardson
796,ader,,,Walt,Ader,1913-12-15,American,http://en.wikipedia.org/wiki/Walt_Ader,Walt Ader
800,pagani,,,Nello,Pagani,1911-10-11,Italian,http://en.wikipedia.org/wiki/Nello_Pagani,Nello Pagani
808,petrov,,PET,Vitaly,Petrov,1984-09-08,Russian,http://en.wikipedia.org/wiki/Vitaly_Petrov,Vitaly Petrov
841,giovinazzi,99,GIO,Antonio,Giovinazzi,1993-12-14,Italian,http://en.wikipedia.org/wiki/Antonio_Giovinazzi,Antonio Giovinazzi
862,doohan,61,DOO,Jack,Doohan,2003-01-20,Australian,http://en.wikipedia.org/wiki/Jack_Doohan,Jack Doohan
25,wurz,,WUR,Alexander,Wurz,1974-02-15,Austrian,http://en.wikipedia.org/wiki/Alexander_Wurz,Alexander Wurz
37,rosa,,DLR,Pedro,de la Rosa,1971-02-24,Spanish,http://en.wikipedia.org/wiki/Pedro_de_la_Rosa,Pedro de la Rosa
50,verstappen,,,Jos,Verstappen,1972-03-04,Dutch,http://en.wikipedia.org/wiki/Jos_Verstappen,Jos Verstappen
52,firman,,,Ralph,Firman,1975-05-20,Irish,http://en.wikipedia.org/wiki/Ralph_Firman,Ralph Firman
56,irvine,,,Eddie,Irvine,1965-11-10,British,http://en.wikipedia.org/wiki/Eddie_Irvine,Eddie Irvine
65,herbert,,,Johnny,Herbert,1964-06-25,British,http://en.wikipedia.org/wiki/Johnny_Herbert,Johnny Herbert
73,rosset,,,Ricardo,Rosset,1968-07-27,Brazilian,http://en.wikipedia.org/wiki/Ricardo_Rosset,Ricardo Rosset
83,lamy,,,Pedro,Lamy,1972-03-20,Portuguese,http://en.wikipedia.org/wiki/Pedro_Lamy,Pedro Lamy
95,mansell,,,Nigel,Mansell,1953-08-08,British,http://en.wikipedia.org/wiki/Nigel_Mansell,Nigel Mansell
97,papis,,,Massimiliano,Papis,1969-10-03,Italian,http://en.wikipedia.org/wiki/Massimiliano_Papis,Massimiliano Papis
101,brabham,,,David,Brabham,1965-09-05,Australian,http://en.wikipedia.org/wiki/David_Brabham,David Brabham
109,lehto,,,Jyrki,Järvilehto,1966-01-31,Finnish,http://en.wikipedia.org/wiki/Jyrki_J%C3%A4rvilehto,Jyrki Järvilehto
110,cesaris,,,Andrea,de Cesaris,1959-05-31,Italian,http://en.wikipedia.org/wiki/Andrea_de_Cesaris,Andrea de Cesaris
115,noda,,,Hideki,Noda,1969-03-07,Japanese,http://en.wikipedia.org/wiki/Hideki_Noda,Hideki Noda
126,toshio_suzuki,,,Toshio,Suzuki,1955-03-10,Japanese,http://en.wikipedia.org/wiki/Toshio_Suzuki_(driver),Toshio Suzuki
130,chiesa,,,Andrea,Chiesa,1964-05-06,Swiss,http://en.wikipedia.org/wiki/Andrea_Chiesa,Andrea Chiesa
135,mccarthy,,,Perry,McCarthy,1961-03-03,British,http://en.wikipedia.org/wiki/Perry_McCarthy,Perry McCarthy
140,johansson,,,Stefan,Johansson,1956-09-08,Swedish,http://en.wikipedia.org/wiki/Stefan_Johansson,Stefan Johansson
150,gary_brabham,,,Gary,Brabham,1961-03-29,Australian,http://en.wikipedia.org/wiki/Gary_Brabham,Gary Brabham
172,laffite,,,Jacques,Laffite,1943-11-21,French,http://en.wikipedia.org/wiki/Jacques_Laffite,Jacques Laffite
177,keke_rosberg,,,Keke,Rosberg,1948-12-06,Finnish,http://en.wikipedia.org/wiki/Keke_Rosberg,Keke Rosberg
229,ertl,,,Harald,Ertl,1948-08-31,Austrian,http://en.wikipedia.org/wiki/Harald_Ertl,Harald Ertl
238,peterson,,,Ronnie,Peterson,1944-02-14,Swedish,http://en.wikipedia.org/wiki/Ronnie_Peterson,Ronnie Peterson
244,colombo,,,Alberto,Colombo,1946-02-23,Italian,http://en.wikipedia.org/wiki/Alberto_Colombo,Alberto Colombo
245,trimmer,,,Tony,Trimmer,1943-01-24,British,http://en.wikipedia.org/wiki/Tony_Trimmer,Tony Trimmer
248,gimax,,,Carlo,Franchi,1938-01-01,Italian,http://en.wikipedia.org/wiki/Gimax,Carlo Franchi
254,zorzi,,,Renzo,Zorzi,1946-12-12,Italian,http://en.wikipedia.org/wiki/Renzo_Zorzi,Renzo Zorzi
292,keizan,,,Eddie,Keizan,1944-09-12,South African,http://en.wikipedia.org/wiki/Eddie_Keizan,Eddie Keizan
297,palm,,,Torsten,Palm,1947-07-23,Swedish,http://en.wikipedia.org/wiki/Torsten_Palm,Torsten Palm
306,beltoise,,,Jean-Pierre,Beltoise,1937-04-26,French,http://en.wikipedia.org/wiki/Jean-Pierre_Beltoise,Jean-Pierre Beltoise
307,ganley,,,Howden,Ganley,1941-12-24,New Zealander,http://en.wikipedia.org/wiki/Howden_Ganley,Howden Ganley
308,robarts,,,Richard,Robarts,1944-09-22,British,http://en.wikipedia.org/wiki/Richard_Robarts,Richard Robarts
326,wietzes,,,Eppie,Wietzes,1938-05-28,Canadian,http://en.wikipedia.org/wiki/Eppie_Wietzes,Eppie Wietzes
328,stewart,,,Jackie,Stewart,1939-06-11,British,http://en.wikipedia.org/wiki/Jackie_Stewart,Jackie Stewart
333,adamich,,,Andrea,de Adamich,1941-10-03,Italian,http://en.wikipedia.org/wiki/Andrea_de_Adamich,Andrea de Adamich
339,roig,,,Alex,Soler-Roig,1932-10-29,Spanish,http://en.wikipedia.org/wiki/Alex_Soler-Roig,Alex Soler-Roig
347,bonnier,,,Jo,Bonnier,1930-01-31,Swedish,http://en.wikipedia.org/wiki/Joakim_Bonnier,Jo Bonnier
363,giunti,,,Ignazio,Giunti,1941-08-30,Italian,http://en.wikipedia.org/wiki/Ignazio_Giunti,Ignazio Giunti
369,rooyen,,,Basil,van Rooyen,1939-04-19,South African,http://en.wikipedia.org/wiki/Basil_van_Rooyen,Basil van Rooyen
378,widdows,,,Robin,Widdows,1942-05-27,British,http://en.wikipedia.org/wiki/Robin_Widdows,Robin Widdows
383,anderson,,,Bob,Anderson,1931-05-19,British,http://en.wikipedia.org/wiki/Bob_Anderson_(racing_driver),Bob Anderson
384,botha,,,Luki,Botha,1930-01-16,South African,http://en.wikipedia.org/wiki/Luki_Botha,Luki Botha
400,lawrence,,,Chris,Lawrence,1933-07-27,British,http://en.wikipedia.org/wiki/Chris_Lawrence_(racing_driver),Chris Lawrence
407,prophet,,,David,Prophet,1937-10-09,British,http://en.wikipedia.org/wiki/David_Prophet,David Prophet
411,serrurier,,,Doug,Serrurier,1920-12-09,South African,http://en.wikipedia.org/wiki/Doug_Serrurier,Doug Serrurier
413,pieterse,,,Ernie,Pieterse,1938-07-04,South African,http://en.wikipedia.org/wiki/Ernie_Pieterse,Ernie Pieterse
416,clapham,,,David,Clapham,1931-05-18,South African,http://en.wikipedia.org/wiki/David_Clapham,David Clapham
427,trintignant,,,Maurice,Trintignant,1917-10-30,French,http://en.wikipedia.org/wiki/Maurice_Trintignant,Maurice Trintignant
446,abate,,,Carlo,Abate,1932-07-10,Italian,http://en.wikipedia.org/wiki/Carlo_Mario_Abate,Carlo Abate
447,starrabba,,,Gaetano,Starrabba,1932-12-03,Italian,http://en.wikipedia.org/wiki/Gaetano_Starrabba,Gaetano Starrabba
455,seidel,,,Wolfgang,Seidel,1926-07-04,German,http://en.wikipedia.org/wiki/Wolfgang_Seidel,Wolfgang Seidel
458,slotemaker,,,Rob,Slotemaker,1929-06-13,Dutch,http://en.wikipedia.org/wiki/Rob_Slotemaker,Rob Slotemaker
477,allison,,,Cliff,Allison,1932-02-08,British,http://en.wikipedia.org/wiki/Cliff_Allison,Cliff Allison
482,gendebien,,,Olivier,Gendebien,1924-01-12,Belgian,http://en.wikipedia.org/wiki/Olivier_Gendebien,Olivier Gendebien
484,naylor,,,Brian,Naylor,1923-03-24,British,http://en.wikipedia.org/wiki/Brian_Naylor,Brian Naylor
487,natili,,,Massimo,Natili,1935-07-28,Italian,http://en.wikipedia.org/wiki/Massimo_Natili,Massimo Natili
499,bonomi,,,Roberto,Bonomi,1919-09-30,Argentine,http://en.wikipedia.org/wiki/Roberto_Bonomi,Roberto Bonomi
508,reventlow,,,Lance,Reventlow,1936-02-24,American,http://en.wikipedia.org/wiki/Lance_Reventlow,Lance Reventlow
518,darter,,,Duane,Carter,1913-05-05,American,http://en.wikipedia.org/wiki/Duane_Carter,Duane Carter
521,stevenson,,,Chuck,Stevenson,1919-10-15,American,http://en.wikipedia.org/wiki/Chuck_Stevenson,Chuck Stevenson
522,grim,,,Bobby,Grim,1924-09-04,American,http://en.wikipedia.org/wiki/Bobby_Grim,Bobby Grim
537,dick_rathmann,,,Dick,Rathmann,1924-01-06,American,http://en.wikipedia.org/wiki/Dick_Rathmann,Dick Rathmann
541,flockhart,,,Ron,Flockhart,1923-06-16,British,http://en.wikipedia.org/wiki/Ron_Flockhart_(auto_racing),Ron Flockhart
543,cabianca,,,Giulio,Cabianca,1923-02-19,Italian,http://en.wikipedia.org/wiki/Giulio_Cabianca,Giulio Cabianca
556,daywalt,,,Jimmy,Daywalt,1924-08-28,American,http://en.wikipedia.org/wiki/Jimmy_Daywalt,Jimmy Daywalt
562,turner,,,Jack,Turner,1920-02-12,American,http://en.wikipedia.org/wiki/Jack_Turner_(driver),Jack Turner
591,george_amick,,,George,Amick,1924-10-24,American,http://en.wikipedia.org/wiki/George_Amick,George Amick
607,perdisa,,,Cesare,Perdisa,1932-10-21,Italian,http://en.wikipedia.org/wiki/Cesare_Perdisa,Cesare Perdisa
624,ramos,,,Hernando,da Silva Ramos,1925-12-07,Brazilian,http://en.wikipedia.org/wiki/Hernando_da_Silva_Ramos,Hernando da Silva Ramos
639,milhoux,,,André,Milhoux,1928-12-09,Belgian,http://en.wikipedia.org/wiki/Andr%C3%A9_Milhoux,André Milhoux
648,kling,,,Karl,Kling,1910-09-16,German,http://en.wikipedia.org/wiki/Karl_Kling,Karl Kling
659,hoyt,,,Jerry,Hoyt,1929-01-29,American,http://en.wikipedia.org/wiki/Jerry_Hoyt,Jerry Hoyt
676,armi,,,Frank,Armi,1918-10-12,American,http://en.wikipedia.org/wiki/Frank_Armi,Frank Armi
707,ian_stewart,,,Ian,Stewart,1929-07-15,British,http://en.wikipedia.org/wiki/Ian_Stewart_(racing_driver),Ian Stewart
711,karch,,,Oswald,Karch,1917-03-06,German,http://en.wikipedia.org/wiki/Oswald_Karch,Oswald Karch
716,bauer,,,Erwin,Bauer,1912-07-17,German,http://en.wikipedia.org/wiki/Erwin_Bauer,Erwin Bauer
729,schindler,,,Bill,Schindler,1909-03-06,American,http://en.wikipedia.org/wiki/Bill_Schindler,Bill Schindler
740,comotti,,,Franco,Comotti,1906-07-24,Italian,http://en.wikipedia.org/wiki/Franco_Comotti,Franco Comotti
750,brudes,,,Adolf,Brudes,1899-10-15,German,http://en.wikipedia.org/wiki/Adolf_Brudes,Adolf Brudes
752,niedermayr,,,Helmut,Niedermayr,1915-11-29,German,http://en.wikipedia.org/wiki/Helmut_Niedermayr,Helmut Niedermayr
756,pietsch,,,Paul,Pietsch,1911-06-20,German,http://en.wikipedia.org/wiki/Paul_Pietsch,Paul Pietsch
763,sanesi,,,Consalvo,Sanesi,1911-03-28,Italian,http://en.wikipedia.org/wiki/Consalvo_Sanesi,Consalvo Sanesi
766,wallard,,,Lee,Wallard,1910-09-07,American,http://en.wikipedia.org/wiki/Lee_Wallard,Lee Wallard
767,forberg,,,Carl,Forberg,1911-03-04,American,http://en.wikipedia.org/wiki/Carl_Forberg,Carl Forberg
768,rose,,,Mauri,Rose,1906-05-26,American,http://en.wikipedia.org/wiki/Mauri_Rose,Mauri Rose
770,green,,,Cecil,Green,1919-09-30,American,http://en.wikipedia.org/wiki/Cecil_Green,Cecil Green
771,walt_brown,,,Walt,Brown,1911-12-30,American,http://en.wikipedia.org/wiki/Walt_Brown_(auto_racer),Walt Brown
772,hellings,,,Mack,Hellings,1915-09-14,American,http://en.wikipedia.org/wiki/Mack_Hellings,Mack Hellings
777,parker,,,Philip,Fotheringham-Parker,1907-09-22,British,http://en.wikipedia.org/wiki/Philip_Fotheringham-Parker,Philip Fotheringham-Parker
788,fry,,,Joe,Fry,1915-10-26,British,http://en.wikipedia.org/wiki/Joe_Fry,Joe Fry
790,leslie_johnson,,,Leslie,Johnson,1912-03-22,British,http://en.wikipedia.org/wiki/Leslie_Johnson_(racing_driver),Leslie Johnson
816,ambrosio,,DAM,Jérôme,d'Ambrosio,1985-12-27,Belgian,http://en.wikipedia.org/wiki/J%C3%A9r%C3%B4me_d%27Ambrosio,Jérôme d'Ambrosio
822,bottas,77,BOT,Valtteri,Bottas,1989-08-28,Finnish,http://en.wikipedia.org/wiki/Valtteri_Bottas,Valtteri Bottas
823,garde,,VDG,Giedo,van der Garde,1985-04-25,Dutch,http://en.wikipedia.org/wiki/Giedo_van_der_Garde,Giedo van der Garde
825,kevin_magnussen,20,MAG,Kevin,Magnussen,1992-10-05,Danish,http://en.wikipedia.org/wiki/Kevin_Magnussen,Kevin Magnussen
827,lotterer,45,LOT,André,Lotterer,1981-11-19,German,http://en.wikipedia.org/wiki/Andr%C3%A9_Lotterer,André Lotterer
828,ericsson,9,ERI,Marcus,Ericsson,1990-09-02,Swedish,http://en.wikipedia.org/wiki/Marcus_Ericsson,Marcus Ericsson
831,nasr,12,NAS,Felipe,Nasr,1992-08-21,Brazilian,http://en.wikipedia.org/wiki/Felipe_Nasr,Felipe Nasr
15,trulli,,TRU,Jarno,Trulli,1974-07-13,Italian,http://en.wikipedia.org/wiki/Jarno_Trulli,Jarno Trulli
19,davidson,,DAV,Anthony,Davidson,1979-04-18,British,http://en.wikipedia.org/wiki/Anthony_Davidson,Anthony Davidson
20,vettel,5,VET,Sebastian,Vettel,1987-07-03,German,http://en.wikipedia.org/wiki/Sebastian_Vettel,Sebastian Vettel
29,yamamoto,,YAM,Sakon,Yamamoto,1982-07-09,Japanese,http://en.wikipedia.org/wiki/Sakon_Yamamoto,Sakon Yamamoto
30,michael_schumacher,,MSC,Michael,Schumacher,1969-01-03,German,http://en.wikipedia.org/wiki/Michael_Schumacher,Michael Schumacher
40,friesacher,,FRI,Patrick,Friesacher,1980-09-26,Austrian,http://en.wikipedia.org/wiki/Patrick_Friesacher,Patrick Friesacher
42,pizzonia,,PIZ,Antônio,Pizzonia,1980-09-11,Brazilian,http://en.wikipedia.org/wiki/Ant%C3%B4nio_Pizzonia,Antônio Pizzonia
43,matta,,,Cristiano,da Matta,1973-09-19,Brazilian,http://en.wikipedia.org/wiki/Cristiano_da_Matta,Cristiano da Matta
44,panis,,,Olivier,Panis,1966-09-02,French,http://en.wikipedia.org/wiki/Olivier_Panis,Olivier Panis
53,kiesa,,,Nicolas,Kiesa,1978-03-03,Danish,http://en.wikipedia.org/wiki/Nicolas_Kiesa,Nicolas Kiesa
54,burti,,,Luciano,Burti,1975-03-05,Brazilian,http://en.wikipedia.org/wiki/Luciano_Burti,Luciano Burti
61,enge,,,Tomáš,Enge,1976-09-11,Czech,http://en.wikipedia.org/wiki/Tom%C3%A1%C5%A1_Enge,Tomáš Enge
68,takagi,,,Toranosuke,Takagi,1974-02-12,Japanese,http://en.wikipedia.org/wiki/Toranosuke_Takagi,Toranosuke Takagi
71,damon_hill,,,Damon,Hill,1960-09-17,British,http://en.wikipedia.org/wiki/Damon_Hill,Damon Hill
81,morbidelli,,,Gianni,Morbidelli,1968-01-13,Italian,http://en.wikipedia.org/wiki/Gianni_Morbidelli,Gianni Morbidelli
84,brundle,,,Martin,Brundle,1959-06-01,British,http://en.wikipedia.org/wiki/Martin_Brundle,Martin Brundle
99,tarquini,,,Gabriele,Tarquini,1962-03-02,Italian,http://en.wikipedia.org/wiki/Gabriele_Tarquini,Gabriele Tarquini
106,beretta,,,Olivier,Beretta,1969-11-23,Monegasque,http://en.wikipedia.org/wiki/Olivier_Beretta,Olivier Beretta
113,adams,,,Philippe,Adams,1969-11-19,Belgian,http://en.wikipedia.org/wiki/Philippe_Adams,Philippe Adams
114,dalmas,,,Yannick,Dalmas,1961-07-28,French,http://en.wikipedia.org/wiki/Yannick_Dalmas,Yannick Dalmas
119,patrese,,,Riccardo,Patrese,1954-04-17,Italian,http://en.wikipedia.org/wiki/Riccardo_Patrese,Riccardo Patrese
120,barbazza,,,Fabrizio,Barbazza,1963-04-02,Italian,http://en.wikipedia.org/wiki/Fabrizio_Barbazza,Fabrizio Barbazza
127,gugelmin,,,Maurício,Gugelmin,1963-04-20,Brazilian,http://en.wikipedia.org/wiki/Maur%C3%ADcio_Gugelmin,Maurício Gugelmin
132,amati,,,Giovanna,Amati,1959-07-20,Italian,http://en.wikipedia.org/wiki/Giovanna_Amati,Giovanna Amati
136,lammers,,,Jan,Lammers,1956-06-02,Dutch,http://en.wikipedia.org/wiki/Jan_Lammers,Jan Lammers
152,giacomelli,,,Bruno,Giacomelli,1952-09-10,Italian,http://en.wikipedia.org/wiki/Bruno_Giacomelli,Bruno Giacomelli
159,sala,,,Luis,Pérez-Sala,1959-05-15,Spanish,http://en.wikipedia.org/wiki/Luis_Perez-Sala,Luis Pérez-Sala
164,joachim_winkelhock,,,Joachim,Winkelhock,1960-10-24,German,http://en.wikipedia.org/wiki/Joachim_Winkelhock,Joachim Winkelhock
173,angelis,,,Elio,de Angelis,1958-03-26,Italian,http://en.wikipedia.org/wiki/Elio_de_Angelis,Elio de Angelis
175,tambay,,,Patrick,Tambay,1949-06-25,French,http://en.wikipedia.org/wiki/Patrick_Tambay,Patrick Tambay
192,serra,,,Chico,Serra,1957-02-03,Brazilian,http://en.wikipedia.org/wiki/Chico_Serra,Chico Serra
212,rebaque,,,Hector,Rebaque,1956-02-05,Mexican,http://en.wikipedia.org/wiki/Hector_Rebaque,Hector Rebaque
213,gabbiani,,,Beppe,Gabbiani,1957-01-02,Italian,http://en.wikipedia.org/wiki/Beppe_Gabbiani,Beppe Gabbiani
220,francia,,,Giorgio,Francia,1947-11-08,Italian,http://en.wikipedia.org/wiki/Giorgio_Francia,Giorgio Francia
222,scheckter,,,Jody,Scheckter,1950-01-29,South African,http://en.wikipedia.org/wiki/Jody_Scheckter,Jody Scheckter
226,south,,,Stephen,South,1952-02-19,British,http://en.wikipedia.org/wiki/Stephen_South,Stephen South
228,desire_wilson,,,Desiré,Wilson,1953-11-26,South African,http://en.wikipedia.org/wiki/Desir%C3%A9_Wilson,Desiré Wilson
237,ribeiro,,,Alex,Ribeiro,1948-11-07,Brazilian,http://en.wikipedia.org/wiki/Alex_Ribeiro,Alex Ribeiro
252,pryce,,,Tom,Pryce,1949-06-11,British,http://en.wikipedia.org/wiki/Tom_Pryce,Tom Pryce
255,nilsson,,,Gunnar,Nilsson,1948-11-20,Swedish,http://en.wikipedia.org/wiki/Gunnar_Nilsson,Gunnar Nilsson
260,andersson,,,Conny,Andersson,1939-12-28,Swedish,http://en.wikipedia.org/wiki/Conny_Andersson_(racing_driver),Conny Andersson
267,schuppan,,,Vern,Schuppan,1943-03-19,Australian,http://en.wikipedia.org/wiki/Vern_Schuppan,Vern Schuppan
271,kessel,,,Loris,Kessel,1950-04-01,Swiss,http://en.wikipedia.org/wiki/Loris_Kessel,Loris Kessel
278,amon,,,Chris,Amon,1943-07-20,New Zealander,http://en.wikipedia.org/wiki/Chris_Amon,Chris Amon
285,stuppacher,,,Otto,Stuppacher,1947-03-03,Austrian,http://en.wikipedia.org/wiki/Otto_Stuppacher,Otto Stuppacher
293,charlton,,,Dave,Charlton,1936-10-27,South African,http://en.wikipedia.org/wiki/Dave_Charlton,Dave Charlton
301,morgan,,,Dave,Morgan,1944-08-07,British,http://en.wikipedia.org/wiki/Dave_Morgan_(racing_driver),Dave Morgan
316,kinnunen,,,Leo,Kinnunen,1943-08-05,Finnish,http://en.wikipedia.org/wiki/Leo_Kinnunen,Leo Kinnunen
337,marko,,,Helmut,Marko,1943-04-27,Austrian,http://en.wikipedia.org/wiki/Helmut_Marko,Helmut Marko
385,bandini,,,Lorenzo,Bandini,1935-12-21,Italian,http://en.wikipedia.org/wiki/Lorenzo_Bandini,Lorenzo Bandini
387,parkes,,,Mike,Parkes,1931-09-24,British,http://en.wikipedia.org/wiki/Mike_Parkes,Mike Parkes
390,rees,,,Alan,Rees,1938-01-12,British,http://en.wikipedia.org/wiki/Alan_Rees_(racing_driver),Alan Rees
397,arundell,,,Peter,Arundell,1933-11-08,British,http://en.wikipedia.org/wiki/Peter_Arundell,Peter Arundell
399,taylor,,,John,Taylor,1933-03-23,British,http://en.wikipedia.org/wiki/John_Taylor_(racer),John Taylor
404,ireland,,,Innes,Ireland,1930-06-12,British,http://en.wikipedia.org/wiki/Innes_Ireland,Innes Ireland
423,mitter,,,Gerhard,Mitter,1935-08-30,German,http://en.wikipedia.org/wiki/Gerhard_Mitter,Gerhard Mitter
429,andre_pilette,,,André,Pilette,1918-10-06,Belgian,http://en.wikipedia.org/wiki/Andr%C3%A9_Pilette,André Pilette
430,beaufort,,,Carel Godin,de Beaufort,1934-04-10,Dutch,http://en.wikipedia.org/wiki/Carel_Godin_de_Beaufort,Carel Godin de Beaufort
444,lippi,,,Roberto,Lippi,1926-10-17,Italian,http://en.wikipedia.org/wiki/Roberto_Lippi,Roberto Lippi
453,lewis,,,Jackie,Lewis,1936-11-01,British,http://en.wikipedia.org/wiki/Jackie_Lewis,Jackie Lewis
461,schiller,,,Heinz,Schiller,1930-01-25,Swiss,http://en.wikipedia.org/wiki/Heinz_Schiller,Heinz Schiller
466,walter,,,Heini,Walter,1927-07-28,Swiss,http://en.wikipedia.org/wiki/Heini_Walter,Heini Walter
470,mayer,,,Timmy,Mayer,1938-02-22,American,http://en.wikipedia.org/wiki/Timmy_Mayer,Timmy Mayer
478,herrmann,,,Hans,Herrmann,1928-02-23,German,http://en.wikipedia.org/wiki/Hans_Herrmann,Hans Herrmann
481,henry_taylor,,,Henry,Taylor,1932-12-16,British,http://en.wikipedia.org/wiki/Henry_Taylor_(racing_driver),Henry Taylor
494,ruby,,,Lloyd,Ruby,1928-01-12,American,http://en.wikipedia.org/wiki/Lloyd_Ruby,Lloyd Ruby
502,stacey,,,Alan,Stacey,1933-08-29,British,http://en.wikipedia.org/wiki/Alan_Stacey,Alan Stacey
506,halford,,,Bruce,Halford,1931-05-18,British,http://en.wikipedia.org/wiki/Bruce_Halford,Bruce Halford
523,templeman,,,Shorty,Templeman,1919-08-12,American,http://en.wikipedia.org/wiki/Shorty_Templeman,Shorty Templeman
524,hurtubise,,,Jim,Hurtubise,1932-12-05,American,http://en.wikipedia.org/wiki/Jim_Hurtubise,Jim Hurtubise
527,sachs,,,Eddie,Sachs,1927-05-28,American,http://en.wikipedia.org/wiki/Eddie_Sachs,Eddie Sachs
533,boyd,,,Johnny,Boyd,1926-08-19,American,http://en.wikipedia.org/wiki/Johnny_Boyd,Johnny Boyd
534,force,,,Gene,Force,1916-06-15,American,http://en.wikipedia.org/wiki/Gene_Force,Gene Force
551,filippis,,,Maria,de Filippis,1926-11-11,Italian,http://en.wikipedia.org/wiki/Maria_Teresa_de_Filippis,Maria de Filippis
559,flaherty,,,Pat,Flaherty,1926-01-06,American,http://en.wikipedia.org/wiki/Pat_Flaherty_(racing_driver),Pat Flaherty
566,shelby,,,Carroll,Shelby,1923-01-11,American,http://en.wikipedia.org/wiki/Carroll_Shelby,Carroll Shelby
567,orey,,,Fritz,d'Orey,1938-03-25,Brazilian,http://en.wikipedia.org/wiki/Fritz_d%27Orey,Fritz d'Orey
588,taramazzo,,,Luigi,Taramazzo,1932-05-05,Italian,http://en.wikipedia.org/wiki/Luigi_Taramazzo,Luigi Taramazzo
601,gibson,,,Dick,Gibson,1918-04-16,British,http://en.wikipedia.org/wiki/Dick_Gibson,Dick Gibson
606,portago,,,Alfonso,de Portago,1928-10-11,Spanish,http://en.wikipedia.org/wiki/Alfonso_de_Portago,Alfonso de Portago
617,macdowel,,,Mike,MacDowel,1932-09-13,British,http://en.wikipedia.org/wiki/Mike_MacDowel,Mike MacDowel
651,macklin,,,Lance,Macklin,1919-09-02,British,http://en.wikipedia.org/wiki/Lance_Macklin,Lance Macklin
655,niday,,,Cal,Niday,1914-04-29,American,http://en.wikipedia.org/wiki/Cal_Niday,Cal Niday
661,peter_walker,,,Peter,Walker,1912-10-07,British,http://en.wikipedia.org/wiki/Peter_Walker_(driver),Peter Walker
665,marr,,,Leslie,Marr,1922-08-14,British,http://en.wikipedia.org/wiki/Leslie_Marr,Leslie Marr
669,bira,,,Prince,Bira,1914-07-15,Thai,http://en.wikipedia.org/wiki/Prince_Bira,Prince Bira
671,loyer,,,Roger,Loyer,1907-08-05,French,http://en.wikipedia.org/wiki/Roger_Loyer,Roger Loyer
674,crockett,,,Larry,Crockett,1926-10-23,American,http://en.wikipedia.org/wiki/Larry_Crockett,Larry Crockett
693,wacker,,,Fred,Wacker,1918-07-10,American,http://en.wikipedia.org/wiki/Fred_Wacker,Fred Wacker
695,galvez,,,Oscar,Gálvez,1913-08-17,Argentine,http://en.wikipedia.org/wiki/%C3%93scar_Alfredo_G%C3%A1lvez,Oscar Gálvez
701,holland,,,Bill,Holland,1907-12-18,American,http://en.wikipedia.org/wiki/Bill_Holland,Bill Holland
713,fitzau,,,Theo,Fitzau,1923-02-10,East German,http://en.wikipedia.org/wiki/Theo_Fitzau,Theo Fitzau
715,bechem,,,Günther,Bechem,1921-12-21,German,http://en.wikipedia.org/wiki/G%C3%BCnther_Bechem,Günther Bechem
720,terra,,,Max,de Terra,1918-10-06,Swiss,http://en.wikipedia.org/wiki/Max_de_Terra,Max de Terra
741,etancelin,,,Philippe,Étancelin,1896-12-28,French,http://en.wikipedia.org/wiki/Philippe_%C3%89tancelin,Philippe Étancelin
743,thompson,,,Eric,Thompson,1919-11-04,British,http://en.wikipedia.org/wiki/Eric_Thompson_(racing_driver),Eric Thompson
746,bianco,,,Gino,Bianco,1916-07-22,Brazilian,http://en.wikipedia.org/wiki/Gino_Bianco,Gino Bianco
754,balsa,,,Marcel,Balsa,1909-01-01,French,http://en.wikipedia.org/wiki/Marcel_Balsa,Marcel Balsa
789,martin,,,Eugène,Martin,1915-03-24,French,http://en.wikipedia.org/wiki/Eug%C3%A8ne_Martin,Eugène Martin
799,jackson,,,Jimmy,Jackson,1910-07-25,American,http://en.wikipedia.org/wiki/Jimmy_Jackson_(driver),Jimmy Jackson
804,mantz,,,Johnny,Mantz,1918-09-18,American,http://en.wikipedia.org/wiki/Johnny_Mantz,Johnny Mantz
810,grassi,,DIG,Lucas,di Grassi,1984-08-11,Brazilian,http://en.wikipedia.org/wiki/Lucas_di_Grassi,Lucas di Grassi
811,bruno_senna,,SEN,Bruno,Senna,1983-10-15,Brazilian,http://en.wikipedia.org/wiki/Bruno_Senna,Bruno Senna
813,maldonado,13,MAL,Pastor,Maldonado,1985-03-09,Venezuelan,http://en.wikipedia.org/wiki/Pastor_Maldonado,Pastor Maldonado
817,ricciardo,3,RIC,Daniel,Ricciardo,1989-07-01,Australian,http://en.wikipedia.org/wiki/Daniel_Ricciardo,Daniel Ricciardo
819,pic,,PIC,Charles,Pic,1990-02-15,French,http://en.wikipedia.org/wiki/Charles_Pic,Charles Pic
830,max_verstappen,33,VER,Max,Verstappen,1997-09-30,Dutch,http://en.wikipedia.org/wiki/Max_Verstappen,Max Verstappen
839,ocon,31,OCO,Esteban,Ocon,1996-09-17,French,http://en.wikipedia.org/wiki/Esteban_Ocon,Esteban Ocon
844,leclerc,16,LEC,Charles,Leclerc,1997-10-16,Monegasque,http://en.wikipedia.org/wiki/Charles_Leclerc,Charles Leclerc
845,sirotkin,35,SIR,Sergey,Sirotkin,1995-08-27,Russian,http://en.wikipedia.org/wiki/Sergey_Sirotkin_(racing_driver),Sergey Sirotkin
847,russell,63,RUS,George,Russell,1998-02-15,British,http://en.wikipedia.org/wiki/George_Russell_(racing_driver),George Russell
856,de_vries,21,DEV,Nyck,de Vries,1995-02-06,Dutch,http://en.wikipedia.org/wiki/Nyck_de_Vries,Nyck de Vries
2,heidfeld,,HEI,Nick,Heidfeld,1977-05-10,German,http://en.wikipedia.org/wiki/Nick_Heidfeld,Nick Heidfeld
4,alonso,14,ALO,Fernando,Alonso,1981-07-29,Spanish,http://en.wikipedia.org/wiki/Fernando_Alonso,Fernando Alonso
22,barrichello,,BAR,Rubens,Barrichello,1972-05-23,Brazilian,http://en.wikipedia.org/wiki/Rubens_Barrichello,Rubens Barrichello
28,markus_winkelhock,,WIN,Markus,Winkelhock,1980-06-13,German,http://en.wikipedia.org/wiki/Markus_Winkelhock,Markus Winkelhock
32,klien,,KLI,Christian,Klien,1983-02-07,Austrian,http://en.wikipedia.org/wiki/Christian_Klien,Christian Klien
36,montagny,,FMO,Franck,Montagny,1978-01-05,French,http://en.wikipedia.org/wiki/Franck_Montagny,Franck Montagny
45,pantano,,,Giorgio,Pantano,1979-02-04,Italian,http://en.wikipedia.org/wiki/Giorgio_Pantano,Giorgio Pantano
55,alesi,,,Jean,Alesi,1964-06-11,French,http://en.wikipedia.org/wiki/Jean_Alesi,Jean Alesi
59,bernoldi,,,Enrique,Bernoldi,1978-10-19,Brazilian,http://en.wikipedia.org/wiki/Enrique_Bernoldi,Enrique Bernoldi
60,mazzacane,,,Gastón,Mazzacane,1975-05-08,Argentine,http://en.wikipedia.org/wiki/Gast%C3%B3n_Mazzacane,Gastón Mazzacane
79,katayama,,,Ukyo,Katayama,1963-05-29,Japanese,http://en.wikipedia.org/wiki/Ukyo_Katayama,Ukyo Katayama
88,suzuki,,,Aguri,Suzuki,1960-09-08,Japanese,http://en.wikipedia.org/wiki/Aguri_Suzuki,Aguri Suzuki
90,moreno,,,Roberto,Moreno,1959-02-11,Brazilian,http://en.wikipedia.org/wiki/Roberto_Moreno,Roberto Moreno
92,gachot,,,Bertrand,Gachot,1962-12-23,Belgian,http://en.wikipedia.org/wiki/Bertrand_Gachot,Bertrand Gachot
128,poele,,,Eric,van de Poele,1961-09-30,Belgian,http://en.wikipedia.org/wiki/Eric_van_de_Poele,Eric van de Poele
133,caffi,,,Alex,Caffi,1964-03-18,Italian,http://en.wikipedia.org/wiki/Alex_Caffi,Alex Caffi
144,hattori,,,Naoki,Hattori,1966-06-13,Japanese,http://en.wikipedia.org/wiki/Naoki_Hattori,Naoki Hattori
153,alguersuari,,ALG,Jaime,Alguersuari,1990-03-23,Spanish,http://en.wikipedia.org/wiki/Jaime_Alguersuari,Jaime Alguersuari
169,fabre,,,Pascal,Fabre,1960-01-09,French,http://en.wikipedia.org/wiki/Pascal_Fabre,Pascal Fabre
183,hesnault,,,François,Hesnault,1956-12-30,French,http://en.wikipedia.org/wiki/Fran%C3%A7ois_Hesnault,François Hesnault
184,baldi,,,Mauro,Baldi,1954-01-31,Italian,http://en.wikipedia.org/wiki/Mauro_Baldi,Mauro Baldi
185,bellof,,,Stefan,Bellof,1957-11-20,German,http://en.wikipedia.org/wiki/Stefan_Bellof,Stefan Bellof
187,watson,,,John,Watson,1946-05-04,British,http://en.wikipedia.org/wiki/John_Watson_(racing_driver),John Watson
197,jarier,,,Jean-Pierre,Jarier,1946-07-10,French,http://en.wikipedia.org/wiki/Jean-Pierre_Jarier,Jean-Pierre Jarier
201,borgudd,,,Slim,Borgudd,1946-11-25,Swedish,http://en.wikipedia.org/wiki/Slim_Borgudd,Slim Borgudd
208,villota,,,Emilio,de Villota,1946-07-26,Spanish,http://en.wikipedia.org/wiki/Emilio_de_Villota,Emilio de Villota
209,lees,,,Geoff,Lees,1951-05-01,British,http://en.wikipedia.org/wiki/Geoff_Lees,Geoff Lees
210,byrne,,,Tommy,Byrne,1958-05-06,Irish,http://en.wikipedia.org/wiki/Tommy_Byrne_%28racing_driver%29,Tommy Byrne
234,brancatelli,,,Gianfranco,Brancatelli,1950-01-18,Italian,http://en.wikipedia.org/wiki/Gianfranco_Brancatelli,Gianfranco Brancatelli
239,lunger,,,Brett,Lunger,1945-11-14,American,http://en.wikipedia.org/wiki/Brett_Lunger,Brett Lunger
247,bleekemolen,,,Michael,Bleekemolen,1949-10-02,Dutch,http://en.wikipedia.org/wiki/Michael_Bleekemolen,Michael Bleekemolen
253,hoffmann,,,Ingo,Hoffmann,1953-02-28,Brazilian,http://en.wikipedia.org/wiki/Ingo_Hoffmann,Ingo Hoffmann
262,oliver,,,Jackie,Oliver,1942-08-14,British,http://en.wikipedia.org/wiki/Jackie_Oliver,Jackie Oliver
264,sutcliffe,,,Andy,Sutcliffe,1947-05-09,British,http://en.wikipedia.org/wiki/Andy_Sutcliffe,Andy Sutcliffe
274,takahara,,,Noritake,Takahara,1951-06-06,Japanese,http://en.wikipedia.org/wiki/Noritake_Takahara,Noritake Takahara
296,migault,,,François,Migault,1944-12-04,French,http://en.wikipedia.org/wiki/Fran%C3%A7ois_Migault,François Migault
302,crawford,,,Jim,Crawford,1948-02-13,British,http://en.wikipedia.org/wiki/Jim_Crawford_(driver),Jim Crawford
303,vonlanthen,,,Jo,Vonlanthen,1942-05-31,Swiss,http://en.wikipedia.org/wiki/Jo_Vonlanthen,Jo Vonlanthen
305,hailwood,,,Mike,Hailwood,1940-04-02,British,http://en.wikipedia.org/wiki/Mike_Hailwood,Mike Hailwood
312,redman,,,Brian,Redman,1937-03-09,British,http://en.wikipedia.org/wiki/Brian_Redman,Brian Redman
313,opel,,,Rikky,von Opel,1947-10-14,Liechtensteiner,http://en.wikipedia.org/wiki/Rikky_von_Opel,Rikky von Opel
314,schenken,,,Tim,Schenken,1943-09-26,Australian,http://en.wikipedia.org/wiki/Tim_Schenken,Tim Schenken
315,larrousse,,,Gérard,Larrousse,1940-05-23,French,http://en.wikipedia.org/wiki/G%C3%A9rard_Larrousse,Gérard Larrousse
330,galli,,,Nanni,Galli,1940-10-02,Italian,http://en.wikipedia.org/wiki/Nanni_Galli,Nanni Galli
353,lovely,,,Pete,Lovely,1926-04-11,American,http://en.wikipedia.org/wiki/Pete_Lovely,Pete Lovely
355,Cannoc,,,John,Cannon,1933-06-21,Canadian,http://en.wikipedia.org/wiki/John_Cannon_(auto_racer),John Cannon
371,pease,,,Al,Pease,1921-10-15,Canadian,http://en.wikipedia.org/wiki/Al_Pease,Al Pease
372,cordts,,,John,Cordts,1935-07-23,Canadian,http://en.wikipedia.org/wiki/John_Cordts,John Cordts
381,unser,,,Bobby,Unser,1934-02-20,American,http://en.wikipedia.org/wiki/Bobby_Unser,Bobby Unser
389,ligier,,,Guy,Ligier,1930-07-12,French,http://en.wikipedia.org/wiki/Guy_Ligier,Guy Ligier
393,tom_jones,,,Tom,Jones,1943-04-26,American,http://en.wikipedia.org/wiki/Tom_Jones_(auto_racer),Tom Jones
419,rhodes,,,John,Rhodes,1927-08-18,British,http://en.wikipedia.org/wiki/John_Rhodes_(driver),John Rhodes
420,raby,,,Ian,Raby,1921-09-22,British,http://en.wikipedia.org/wiki/Ian_Raby,Ian Raby
426,bassi,,,Giorgio,Bassi,1934-01-20,Italian,http://en.wikipedia.org/wiki/Giorgio_Bassi,Giorgio Bassi
436,campbell-jones,,,John,Campbell-Jones,1930-01-21,British,http://en.wikipedia.org/wiki/John_Campbell-Jones,John Campbell-Jones
445,seiffert,,,Günther,Seiffert,1937-10-18,German,http://en.wikipedia.org/wiki/G%C3%BCnther_Seiffert,Günther Seiffert
464,shelly,,,Tony,Shelly,1937-02-02,New Zealander,http://en.wikipedia.org/wiki/Tony_Shelly,Tony Shelly
472,harris,,,Mike,Harris,1939-05-25,South African,http://en.wikipedia.org/wiki/Mike_Harris_(race_car_driver),Mike Harris
486,fairman,,,Jack,Fairman,1913-03-15,British,http://en.wikipedia.org/wiki/Jack_Fairman,Jack Fairman
491,thiele,,,Alfonso,Thiele,1920-04-05,American-Italian,http://en.wikipedia.org/wiki/Alfonso_Thiele,Alfonso Thiele
498,gonzalez,,,José Froilán,González,1922-10-05,Argentine,http://en.wikipedia.org/wiki/Jos%C3%A9_Froil%C3%A1n_Gonz%C3%A1lez,José Froilán González
500,munaron,,,Gino,Munaron,1928-04-02,Italian,http://en.wikipedia.org/wiki/Gino_Munaron,Gino Munaron
511,branson,,,Don,Branson,1920-06-02,American,http://en.wikipedia.org/wiki/Don_Branson,Don Branson
525,bryan,,,Jimmy,Bryan,1926-01-28,American,http://en.wikipedia.org/wiki/Jimmy_Bryan,Jimmy Bryan
526,ruttman,,,Troy,Ruttman,1930-03-11,American,http://en.wikipedia.org/wiki/Troy_Ruttman,Troy Ruttman
528,freeland,,,Don,Freeland,1925-03-25,American,http://en.wikipedia.org/wiki/Don_Freeland,Don Freeland
531,foyt,,,Anthony,Foyt,1935-01-16,American,http://en.wikipedia.org/wiki/A.J._Foyt,Anthony Foyt
542,piper,,,David,Piper,1930-12-02,British,http://en.wikipedia.org/wiki/David_Piper,David Piper
553,testut,,,André,Testut,1926-04-13,Monegasque,http://en.wikipedia.org/wiki/Andr%C3%A9_Testut,André Testut
558,keller,,,Al,Keller,1920-04-11,American,http://en.wikipedia.org/wiki/Al_Keller,Al Keller
560,cheesbourg,,,Bill,Cheesbourg,1927-06-12,American,http://en.wikipedia.org/wiki/Bill_Cheesbourg,Bill Cheesbourg
561,ray_crawford,,,Ray,Crawford,1915-10-26,American,http://en.wikipedia.org/wiki/Ray_Crawford,Ray Crawford
569,ashdown,,,Peter,Ashdown,1934-10-16,British,http://en.wikipedia.org/wiki/Peter_Ashdown,Peter Ashdown
574,constantine,,,George,Constantine,1918-02-22,American,http://en.wikipedia.org/wiki/George_Constantine,George Constantine
604,picard,,,François,Picard,1921-04-26,French,http://en.wikipedia.org/wiki/Fran%C3%A7ois_Picard,François Picard
618,mackay-fraser,,,Herbert,MacKay-Fraser,1927-06-23,American,http://en.wikipedia.org/wiki/Herbert_MacKay-Fraser,Herbert MacKay-Fraser
622,landi,,,Chico,Landi,1907-07-14,Brazilian,http://en.wikipedia.org/wiki/Chico_Landi,Chico Landi
627,rosier,,,Louis,Rosier,1905-11-05,French,http://en.wikipedia.org/wiki/Louis_Rosier,Louis Rosier
631,andrews,,,Keith,Andrews,1920-06-15,American,http://en.wikipedia.org/wiki/Keith_Andrews_(driver),Keith Andrews
634,scotti,,,Piero,Scotti,1909-11-11,Italian,http://en.wikipedia.org/wiki/Piero_Scotti,Piero Scotti
645,bucci,,,Clemar,Bucci,1920-09-04,Argentine,http://en.wikipedia.org/wiki/Clemar_Bucci,Clemar Bucci
646,iglesias,,,Jesús,Iglesias,1922-02-22,Argentine,http://en.wikipedia.org/wiki/Jes%C3%BAs_Iglesias,Jesús Iglesias
652,whiteaway,,,Ted,Whiteaway,1928-11-01,British,http://en.wikipedia.org/wiki/Ted_Whiteaway,Ted Whiteaway
664,mcalpine,,,Kenneth,McAlpine,1920-09-21,British,http://en.wikipedia.org/wiki/Kenneth_McAlpine,Kenneth McAlpine
684,whitehouse,,,Bill,Whitehouse,1909-04-01,British,http://en.wikipedia.org/wiki/Bill_Whitehouse,Bill Whitehouse
685,riseley_prichard,,,John,Riseley-Prichard,1924-01-17,British,http://en.wikipedia.org/wiki/John_Riseley-Prichard,John Riseley-Prichard
691,lang,,,Hermann,Lang,1909-04-06,German,http://en.wikipedia.org/wiki/Hermann_Lang,Hermann Lang
694,riu,,,Giovanni,de Riu,1925-03-10,Italian,http://en.wikipedia.org/wiki/Giovanni_de_Riu,Giovanni de Riu
696,john_barber,,,John,Barber,1929-07-22,British,http://en.wikipedia.org/wiki/John_Barber_(racing_driver),John Barber
705,crook,,,Tony,Crook,1920-02-16,British,http://en.wikipedia.org/wiki/Tony_Crook,Tony Crook
718,loof,,,Ernst,Loof,1907-07-04,German,http://en.wikipedia.org/wiki/Ernst_Loof,Ernst Loof
721,hirt,,,Peter,Hirt,1910-03-30,Swiss,http://en.wikipedia.org/wiki/Peter_Hirt,Peter Hirt
727,rigsby,,,Jim,Rigsby,1923-06-06,American,http://en.wikipedia.org/wiki/Jim_Rigsby,Jim Rigsby
728,james,,,Joe,James,1925-05-23,American,http://en.wikipedia.org/wiki/Joe_James_(racing_driver),Joe James
747,murray,,,David,Murray,1909-12-28,British,http://en.wikipedia.org/wiki/David_Murray_(driver),David Murray
749,aston,,,Bill,Aston,1900-03-29,British,http://en.wikipedia.org/wiki/Bill_Aston,Bill Aston
765,louveau,,,Henri,Louveau,1910-01-25,French,http://en.wikipedia.org/wiki/Henri_Louveau,Henri Louveau
769,mackey,,,Bill,Mackey,1927-12-15,American,http://en.wikipedia.org/wiki/Bill_Mackey,Bill Mackey
778,shawe_taylor,,,Brian,Shawe Taylor,1915-01-28,British,http://en.wikipedia.org/wiki/Brian_Shawe_Taylor,Brian Shawe Taylor
785,crossley,,,Geoff,Crossley,1921-05-11,British,http://en.wikipedia.org/wiki/Geoff_Crossley,Geoff Crossley
793,sommer,,,Raymond,Sommer,1906-08-31,French,http://en.wikipedia.org/wiki/Raymond_Sommer,Raymond Sommer
795,fohr,,,Myron,Fohr,1912-06-17,American,http://en.wikipedia.org/wiki/Myron_Fohr,Myron Fohr
803,cantrell,,,Bill,Cantrell,1908-01-31,American,http://en.wikipedia.org/wiki/William_Cantrell,Bill Cantrell
806,oscar_gonzalez,,,Óscar,González,1923-11-10,Uruguayan,http://en.wikipedia.org/wiki/%C3%93scar_Gonz%C3%A1lez_(racing_driver),Óscar González
815,perez,11,PER,Sergio,Pérez,1990-01-26,Mexican,http://en.wikipedia.org/wiki/Sergio_P%C3%A9rez,Sergio Pérez
824,jules_bianchi,17,BIA,Jules,Bianchi,1989-08-03,French,http://en.wikipedia.org/wiki/Jules_Bianchi,Jules Bianchi
836,wehrlein,94,WEH,Pascal,Wehrlein,1994-10-18,German,http://en.wikipedia.org/wiki/Pascal_Wehrlein,Pascal Wehrlein
850,pietro_fittipaldi,51,FIT,Pietro,Fittipaldi,1996-06-25,Brazilian,http://en.wikipedia.org/wiki/Pietro_Fittipaldi,Pietro Fittipaldi
851,aitken,89,AIT,Jack,Aitken,1995-09-23,British,http://en.wikipedia.org/wiki/Jack_Aitken,Jack Aitken
853,mazepin,9,MAZ,Nikita,Mazepin,1999-03-02,Russian,http://en.wikipedia.org/wiki/Nikita_Mazepin,Nikita Mazepin
8,raikkonen,7,RAI,Kimi,Räikkönen,1979-10-17,Finnish,http://en.wikipedia.org/wiki/Kimi_R%C3%A4ikk%C3%B6nen,Kimi Räikkönen
21,fisichella,,FIS,Giancarlo,Fisichella,1973-01-14,Italian,http://en.wikipedia.org/wiki/Giancarlo_Fisichella,Giancarlo Fisichella
24,liuzzi,,LIU,Vitantonio,Liuzzi,1980-08-06,Italian,http://en.wikipedia.org/wiki/Vitantonio_Liuzzi,Vitantonio Liuzzi
35,villeneuve,,VIL,Jacques,Villeneuve,1971-04-09,Canadian,http://en.wikipedia.org/wiki/Jacques_Villeneuve,Jacques Villeneuve
63,salo,,,Mika,Salo,1966-11-30,Finnish,http://en.wikipedia.org/wiki/Mika_Salo,Mika Salo
66,mcnish,,,Allan,McNish,1969-12-29,British,http://en.wikipedia.org/wiki/Allan_McNish,Allan McNish
75,nakano,,,Shinji,Nakano,1971-04-01,Japanese,http://en.wikipedia.org/wiki/Shinji_Nakano,Shinji Nakano
78,larini,,,Nicola,Larini,1964-03-19,Italian,http://en.wikipedia.org/wiki/Nicola_Larini,Nicola Larini
87,blundell,,,Mark,Blundell,1966-04-08,British,http://en.wikipedia.org/wiki/Mark_Blundell,Mark Blundell
89,inoue,,,Taki,Inoue,1963-09-05,Japanese,http://en.wikipedia.org/wiki/Taki_Inoue,Taki Inoue
96,boullion,,,Jean-Christophe,Boullion,1969-12-27,French,http://en.wikipedia.org/wiki/Jean-Christophe_Boullion,Jean-Christophe Boullion
100,comas,,,Érik,Comas,1963-09-28,French,http://en.wikipedia.org/wiki/%C3%89rik_Comas,Érik Comas
103,bernard,,,Éric,Bernard,1964-08-24,French,http://en.wikipedia.org/wiki/%C3%89ric_Bernard,Éric Bernard
112,alliot,,,Philippe,Alliot,1954-07-27,French,http://en.wikipedia.org/wiki/Philippe_Alliot,Philippe Alliot
116,lagorce,,,Franck,Lagorce,1968-09-01,French,http://en.wikipedia.org/wiki/Franck_Lagorce,Franck Lagorce
122,capelli,,,Ivan,Capelli,1963-05-24,Italian,http://en.wikipedia.org/wiki/Ivan_Capelli,Ivan Capelli
131,modena,,,Stefano,Modena,1963-05-12,Italian,http://en.wikipedia.org/wiki/Stefano_Modena,Stefano Modena
139,pirro,,,Emanuele,Pirro,1962-01-12,Italian,http://en.wikipedia.org/wiki/Emanuele_Pirro,Emanuele Pirro
147,barilla,,,Paolo,Barilla,1961-04-20,Italian,http://en.wikipedia.org/wiki/Paolo_Barilla,Paolo Barilla
149,langes,,,Claudio,Langes,1960-07-20,Italian,http://en.wikipedia.org/wiki/Claudio_Langes,Claudio Langes
160,ghinzani,,,Piercarlo,Ghinzani,1952-01-16,Italian,http://en.wikipedia.org/wiki/Piercarlo_Ghinzani,Piercarlo Ghinzani
170,fabi,,,Teo,Fabi,1955-03-09,Italian,http://en.wikipedia.org/wiki/Teo_Fabi,Teo Fabi
182,lauda,,,Niki,Lauda,1949-02-22,Austrian,http://en.wikipedia.org/wiki/Niki_Lauda,Niki Lauda
214,cogan,,,Kevin,Cogan,1956-03-31,American,http://en.wikipedia.org/wiki/Kevin_Cogan,Kevin Cogan
216,stohr,,,Siegfried,Stohr,1952-10-10,Italian,http://en.wikipedia.org/wiki/Siegfried_Stohr,Siegfried Stohr
230,brambilla,,,Vittorio,Brambilla,1937-11-11,Italian,http://en.wikipedia.org/wiki/Vittorio_Brambilla,Vittorio Brambilla
235,ickx,,,Jacky,Ickx,1945-01-01,Belgian,http://en.wikipedia.org/wiki/Jacky_Ickx,Jacky Ickx
236,gaillard,,,Patrick,Gaillard,1952-02-12,French,http://en.wikipedia.org/wiki/Patrick_Gaillard,Patrick Gaillard
241,leoni,,,Lamberto,Leoni,1953-05-24,Italian,http://en.wikipedia.org/wiki/Lamberto_Leoni,Lamberto Leoni
269,pilette,,,Teddy,Pilette,1942-07-26,Belgian,http://en.wikipedia.org/wiki/Teddy_Pilette,Teddy Pilette
276,evans,,,Bob,Evans,1947-06-11,British,http://en.wikipedia.org/wiki/Bob_Evans_(race_driver),Bob Evans
283,wilds,,,Mike,Wilds,1946-01-07,British,http://en.wikipedia.org/wiki/Mike_Wilds,Mike Wilds
291,tunmer,,,Guy,Tunmer,1948-12-01,South African,http://en.wikipedia.org/wiki/Guy_Tunmer,Guy Tunmer
318,roos,,,Bertil,Roos,1943-10-12,Swedish,http://en.wikipedia.org/wiki/Bertil_Roos,Bertil Roos
319,dolhem,,,José,Dolhem,1944-04-26,French,http://en.wikipedia.org/wiki/Jos%C3%A9_Dolhem,José Dolhem
322,hobbs,,,David,Hobbs,1939-06-09,British,http://en.wikipedia.org/wiki/David_Hobbs_(racing_driver),David Hobbs
325,facetti,,,Carlo,Facetti,1935-06-26,Italian,http://en.wikipedia.org/wiki/Carlo_Facetti,Carlo Facetti
329,beuttler,,,Mike,Beuttler,1940-04-13,British,http://en.wikipedia.org/wiki/Mike_Beuttler,Mike Beuttler
354,craft,,,Chris,Craft,1939-11-17,British,http://en.wikipedia.org/wiki/Chris_Craft_(racing_driver),Chris Craft
359,gavin,,,Johnny,Servoz-Gavin,1942-01-18,French,http://en.wikipedia.org/wiki/Johnny_Servoz-Gavin,Johnny Servoz-Gavin
382,solana,,,Moisés,Solana,1935-12-26,Mexican,http://en.wikipedia.org/wiki/Mois%C3%A9s_Solana,Moisés Solana
386,ginther,,,Richie,Ginther,1930-08-05,American,http://en.wikipedia.org/wiki/Richie_Ginther,Richie Ginther
401,trevor_taylor,,,Trevor,Taylor,1936-12-26,British,http://en.wikipedia.org/wiki/Trevor_Taylor,Trevor Taylor
405,bucknum,,,Ronnie,Bucknum,1936-04-05,American,http://en.wikipedia.org/wiki/Ronnie_Bucknum,Ronnie Bucknum
415,reed,,,Ray,Reed,1932-04-30,South African,http://en.wikipedia.org/wiki/Ray_Reed,Ray Reed
422,gubby,,,Brian,Gubby,1934-04-17,British,http://en.wikipedia.org/wiki/Brian_Gubby,Brian Gubby
442,kuhnke,,,Kurt,Kuhnke,1910-04-30,German,http://en.wikipedia.org/wiki/Kurt_Kuhnke,Kurt Kuhnke
449,ward,,,Rodger,Ward,1921-01-10,American,http://en.wikipedia.org/wiki/Rodger_Ward,Rodger Ward
450,vos,,,Ernie,de Vos,1941-07-01,Dutch,http://en.wikipedia.org/wiki/Ernie_de_Vos,Ernie de Vos
460,ashmore,,,Gerry,Ashmore,1936-07-25,British,http://en.wikipedia.org/wiki/Gerry_Ashmore,Gerry Ashmore
462,davis,,,Colin,Davis,1933-07-29,British,http://en.wikipedia.org/wiki/Colin_Davis_(driver),Colin Davis
469,schroeder,,,Rob,Schroeder,1926-05-11,British,http://en.wikipedia.org/wiki/Rob_Schroeder,Rob Schroeder
479,brooks,,,Tony,Brooks,1932-02-25,British,http://en.wikipedia.org/wiki/Tony_Brooks,Tony Brooks
493,ryan,,,Peter,Ryan,1940-06-10,Canadian,http://en.wikipedia.org/wiki/Peter_Ryan_(driver),Peter Ryan
495,ken_miles,,,Ken,Miles,1918-11-01,British,http://en.wikipedia.org/wiki/Ken_Miles,Ken Miles
497,larreta,,,Alberto Rodriguez,Larreta,1934-01-14,Argentine,http://en.wikipedia.org/wiki/Alberto_Rodriguez_Larreta,Alberto Rodriguez Larreta
503,chimeri,,,Ettore,Chimeri,1921-06-04,Venezuelan,http://en.wikipedia.org/wiki/Ettore_Chimeri,Ettore Chimeri
513,johnson,,,Eddie,Johnson,1919-02-10,American,http://en.wikipedia.org/wiki/Eddie_Johnson_(auto_racer),Eddie Johnson
517,amick,,,Red,Amick,1929-01-19,American,http://en.wikipedia.org/wiki/Red_Amick,Red Amick
545,gamble,,,Fred,Gamble,1932-03-17,American,http://en.wikipedia.org/wiki/Fred_Gamble_(racing_driver),Fred Gamble
547,gould,,,Horace,Gould,1918-09-20,British,http://en.wikipedia.org/wiki/Horace_Gould,Horace Gould
557,arnold,,,Chuck,Arnold,1926-05-30,American,http://en.wikipedia.org/wiki/Chuck_Arnold,Chuck Arnold
565,magill,,,Mike,Magill,1920-02-08,American,http://en.wikipedia.org/wiki/Mike_Magill,Mike Magill
583,gerini,,,Gerino,Gerini,1928-08-10,Italian,http://en.wikipedia.org/wiki/Gerino_Gerini_(racing_driver),Gerino Gerini
594,tolan,,,Johnnie,Tolan,1917-10-22,American,http://en.wikipedia.org/wiki/Johnnie_Tolan,Johnnie Tolan
596,elisian,,,Ed,Elisian,1926-12-09,American,http://en.wikipedia.org/wiki/Ed_Elisian,Ed Elisian
610,leston,,,Les,Leston,1920-12-16,British,http://en.wikipedia.org/wiki/Les_Leston,Les Leston
614,edmunds,,,Don,Edmunds,1930-09-23,American,http://en.wikipedia.org/wiki/Don_Edmunds,Don Edmunds
620,maglioli,,,Umberto,Maglioli,1928-06-05,Italian,http://en.wikipedia.org/wiki/Umberto_Maglioli,Umberto Maglioli
621,england,,,Paul,England,1929-03-28,Australian,http://en.wikipedia.org/wiki/Paul_England,Paul England
625,bayol,,,Élie,Bayol,1914-02-28,French,http://en.wikipedia.org/wiki/%C3%89lie_Bayol,Élie Bayol
630,dinsmore,,,Duke,Dinsmore,1913-04-10,American,http://en.wikipedia.org/wiki/Duke_Dinsmore,Duke Dinsmore
635,chapman,,,Colin,Chapman,1928-05-19,British,http://en.wikipedia.org/wiki/Colin_Chapman,Colin Chapman
649,birger,,,Pablo,Birger,1924-01-07,Argentine,http://en.wikipedia.org/wiki/Pablo_Birger,Pablo Birger
653,davies,,,Jimmy,Davies,1929-08-08,American,http://en.wikipedia.org/wiki/Jimmy_Davies,Jimmy Davies
670,marimon,,,Onofre,Marimón,1923-12-19,Argentine,http://en.wikipedia.org/wiki/Onofre_Marim%C3%B3n,Onofre Marimón
682,beauman,,,Don,Beauman,1928-07-26,British,http://en.wikipedia.org/wiki/Don_Beauman,Don Beauman
686,reg_parnell,,,Reg,Parnell,1911-07-02,British,http://en.wikipedia.org/wiki/Reg_Parnell,Reg Parnell
689,alan_brown,,,Alan,Brown,1919-11-20,British,http://en.wikipedia.org/wiki/Alan_Brown_(racing_driver),Alan Brown
699,nalon,,,Duke,Nalon,1913-03-02,American,http://en.wikipedia.org/wiki/Duke_Nalon,Duke Nalon
700,scarborough,,,Carl,Scarborough,1914-07-03,American,http://en.wikipedia.org/wiki/Carl_Scarborough,Carl Scarborough
702,bob_scott,,,Bob,Scott,1928-10-04,American,http://en.wikipedia.org/wiki/Bob_Scott_(auto_racer),Bob Scott
708,duncan_hamilton,,,Duncan,Hamilton,1920-04-30,British,http://en.wikipedia.org/wiki/Duncan_Hamilton_(racing_driver),Duncan Hamilton
710,krause,,,Rudolf,Krause,1907-03-30,East German,http://en.wikipedia.org/wiki/Rudolf_Krause,Rudolf Krause
717,hans_stuck,,,Hans,von Stuck,1900-12-27,German,http://en.wikipedia.org/wiki/Hans_Von_Stuck,Hans von Stuck
745,graham_whitehead,,,Graham,Whitehead,1922-04-15,British,http://en.wikipedia.org/wiki/Graham_Whitehead,Graham Whitehead
757,peters,,,Josef,Peters,1914-09-16,German,http://en.wikipedia.org/wiki/Josef_Peters_(driver),Josef Peters
759,flinterman,,,Jan,Flinterman,1919-10-02,Dutch,http://en.wikipedia.org/wiki/Jan_Flinterman,Jan Flinterman
761,crespo,,,Alberto,Crespo,1920-01-16,Argentine,http://en.wikipedia.org/wiki/Alberto_Crespo,Alberto Crespo
762,rol,,,Franco,Rol,1908-06-05,Italian,http://en.wikipedia.org/wiki/Franco_Rol,Franco Rol
776,kelly,,,Joe,Kelly,1913-03-13,Irish,http://en.wikipedia.org/wiki/Joe_Kelly_(Formula_One),Joe Kelly
780,branca,,,Toni,Branca,1916-09-15,Swiss,http://en.wikipedia.org/wiki/Toni_Branca,Toni Branca
786,fagioli,,,Luigi,Fagioli,1898-06-09,Italian,http://en.wikipedia.org/wiki/Luigi_Fagioli,Luigi Fagioli
792,pian,,,Alfredo,Pián,1912-10-21,Argentine,http://en.wikipedia.org/wiki/Alfredo_Pi%C3%A0n,Alfredo Pián
807,hulkenberg,27,HUL,Nico,Hülkenberg,1987-08-19,German,http://en.wikipedia.org/wiki/Nico_H%C3%BClkenberg,Nico Hülkenberg
812,chandhok,,CHA,Karun,Chandhok,1984-01-19,Indian,http://en.wikipedia.org/wiki/Karun_Chandhok,Karun Chandhok
818,vergne,25,VER,Jean-Éric,Vergne,1990-04-25,French,http://en.wikipedia.org/wiki/Jean-%C3%89ric_Vergne,Jean-Éric Vergne
846,norris,4,NOR,Lando,Norris,1999-11-13,British,http://en.wikipedia.org/wiki/Lando_Norris,Lando Norris
